고유번호,언어,상호명,신주소,전화번호,웹사이트,운영시간,운영요일,휴무일,교통정보,,,,
5405,ko,서울애니메이션센터,04631 서울 중구 소공로 48 (회현동2가 우리금융남산타워) 1~2층,2층 애니소풍 02-3455-8341~2 / 1층 만화의집 02-3455-8330 8335,http://ani.seoul.kr/,1층 만화의집 10:00~20:00 2층 애니소풍 10:00~18:00 ,화~토,#NAME?,4호선 명동역 4번 출구 회현역 3번 출구,,,,
23518,ko,서울새활용플라자,04807 서울 성동구 자동차시장길 49 (용답동 서울새활용플라자) ,02-2153-0400,http://www.seoulup.or.kr/,10:00~18:00,화~일 ,#NAME?,5호선 장한편역 8번 출구 도보 10분 셔틀버스 소요시간 5분 * 셔틀버스는 장한평역 8번 출구 앞에서 30분 단위 운영   (운영 시간표는 홈페이지 참고) ,,,,
1912,ko,서울시민 광나루안전체험관,04991 서울 광진구 능동로 238 (능동 서울시민안전체험관광나루) ,02-2049-4061,http://safe119.seoul.go.kr/,평일 공휴일 AM 09:00 ~ PM 05:00 ※ 수요일 야간체험은 오후 7시에서 오후 9시까지 운영한다. ,화~일,#NAME?,5호선 군자 군자역 6번출구 도보 10분거리 7호선 어린이대공원 1번 출구 도보 5분거리,,,,
5248,ko,KBS 온(ON),07235 서울 영등포구 여의공원로 13 (한국방송공사) ,02-781-2224,http://office.kbs.co.kr/kbson/,AM 09:30 ~ PM 05:30(입장마감 PM 05:00),월~일,#NAME?,9호선 국회의사당 4번 출구  ,,,,
1257,ko,LG아트센터,06141 서울 강남구 논현로 508 (GS강남타워) ,02-2005-0114,http://www.lgart.com/UIPage/Main.aspx,09:00 ~ 18:00  ＊공연이 있을 경우 변동사항이 있을 수 있음,월~금,#NAME?,2호선 역삼역 7번 출구 GS타워 지하 1층과 연결,,,,
24325,ko,댄스뮤지컬 사춤 ,03068 서울 종로구 혜화로 17 (명륜1가) 미마지아트센터 눈빛극장,02-3676-7616,http://www.sachoom.com/,수~금: 20:00~ 토 일 공휴일: 15:00~,수~일,#NAME?,4호선 혜화역 4번 출구,,,,
6228,ko,국립국악원,06757 서울 서초구 남부순환로 2364 (서초동 국립국악원) ,02-580-3300,http://www.gugak.go.kr,공연 일정에 따라 다름,,#NAME?,3호선 남부터미널 5번출구 나와 초록버스 4429번 이용 7호선 내방 3번출구 나와 마을버스 서초07번 서초15번 이용 2호선 방배 1번출구 나와 마을버스 서초07번 서초15번 서초17번 이용,,,,
29568,ko,무계원,03022 서울 종로구 창의문로5가길 2 (부암동) ,02-379-7131,https://www.jfac.or.kr/site/main/content/moogw01,,,#NAME?,3호선 경복궁역 3번 출구 ,,,,
2039,ko,떡박물관,03132 서울 종로구 돈화문로 71 (와룡동 떡박물관) ,02-741-5447,http://www.tkmuseum.or.kr,월~토요일(10:00~18:00) (17시 30분까지 입장완료) ,,#NAME?,1호선 종로3가역 7번 출구 도보 3분 3호선 종로3가역 7번 출구 도보 3분 5호선 종로3가역 7번 출구 도보 3분 ,,,,
22602,ko,성재전통건축자료관,03057 서울 종로구 창덕궁1가길 19 (원서동) ,02-742-1311,https://sungjaemuseum.modoo.at/,10:00~17:00 ,,화요일 ,3호선 안국역 3번 출구,,,,
18900,ko,초고공방 고드랫돌,03055 서울 종로구 북촌로11나길 1-6 (가회동) ,,,10:00 - 17:00,,화 목 ,3호선 안국역 2번 출구,,,,
6493,ko,한국문화의집 코우스(KOUS),135-280 서울특별시 강남구 테헤란로92길 12-9  (대치동) ,02-3011-1788,http://www.kous.or.kr,프로그램에 따라 다름,,프로그램에 따라 다름,2호선 삼성역 4번 출구 도보 300m,,,,
1761,ko,서울놀이마당,05608 서울 송파구 삼학사로 136 (잠실동 서울놀이마당) ,02-414-1985,http://culture.songpa.go.kr/user.kdf?a=songpa.culture.play.CultureApp&c=1001&cul_title=1&cate_id=AM0302001000_1_,주말상설공연 : 매년 4월 ~ 10월 - 매주 일요일 오후3시  민속절 공연 : 설날 정월대보름 추석 등,주말 및 민속절,평일 공연일 제외한 일요일,8호선 잠실 3번 출구 도보 10분 2호선 잠실 3번 출구 도보 10분  ,,,,
18892,ko,전통연공방　,03051 서울 종로구 창덕궁5길 4 (원서동) ,?02-720-4114,http://www.kokfa.or.kr/,AM 10:00 ~ PM 05:00 ,월요일~금요일 ,토요일 일요일 ,3호선 안국역 3번 출구,,,,
2925,ko,국기원,06130 서울 강남구 테헤란로7길 32 (역삼동 국기원) ,02-567-1058,http://www.kukkiwon.or.kr,AM 09:00 ~ PM 05:30,,토 일요일 및 공휴일,9호선 신논현 45번 출구 2호선 강남 12번 출구,,,,
1459,ko,리기태전통연공방,03051 서울 종로구 창덕궁5길 4 (원서동)   ,02-720-4114,http://www.kokfa.or.kr,평일 AM 10:00 ~ PM 05:00,,주말 휴무,3호선 안국역 3번 출구 도보 20분,,,,
23538,ko,서울바이오허브,02455 서울 동대문구 회기로 117-3 (회기동 한국농촌경제연구원) ,02-2200-3300,http://www.seoulbiohub.kr/front/user/main.do;jsessionid=85FCA772594C3F64A64CE3523FADA8A6,09:00~18:00,월~금,주말 및 국가 공휴일,1호선 회기역 1번 출구  6호선 고려대역 3번 출구,,,,
23564,ko,양재 R&CD 혁신허브,06764 서울 서초구 태봉로 114 (우면동 한국교원단체총연합) ,02-2135-6818,http://www.ai-yangjae.kr/,09:00~18:00,월~금,주말 및 공휴일,3호선 양재역 11번 출구 도보 15~20분 신분당선 양재시민의숲역 5번 출구 20~30분 4호선 선바위역 1번 출구 15~20분 ,,,,
11843,ko,온고푸드커뮤니케이션,03133 서울 종로구 삼일대로30길 12 (낙원동 서울조리전문학교) 3층,02-3446-1607,http://www.ongofood.com/,09:00 - 18:00,월~금,주말 공휴일 휴무,135호선 종로3가역 5번 출구 ,,,,
1676,ko,아름지기,03044 서울특별시 종로구 효자로 17  (통의동) ,02-741-8373,http://www.arumjigi.org,AM 10:00 ~ PM 05:00  ,월~금,주말 공휴일,3호선 경복궁 3번 4번 출구 ,,,,
1995,ko,궁중음식연구원,03051 서울특별시 종로구 창덕궁5길 16 궁중음식연구원 (원서동) ,02-3673-1122,http://www.food.co.kr,AM 10:00 ~ PM 01:00 (오전반) PM 02:00 ~ PM 05:00 (오후반)  강좌별로 이용시간이 다름,월화수목금,주말,3호선 안국 2번 출구 1번 버스 탑승 후 빨래터 앞 하차 1호선 종각 YMCA 출구 1번 버스 탑승 후 빨래터 앞 하차  ,,,,
2930,ko,KT square (KT스퀘어),03154 서울 종로구 세종대로 178 (세종로 KT 광화문 빌딩 West) ,1577-5599,https://corp.kt.com/html/promote/culture/culture.html?menuid=trigger_square,평일 09:00 ~ 20:00,월~금,주말,3호선 경복궁 6번출구 세종로방향 세종문화회관 맞은편 KT광화문지사 5호선 광화문 2번출구 KT광화문지사 1호선 종각 1번출구 광화문방면 광화문4거리에서 우회전 KT광화문지사,,,,
11040,ko,광진교 8번가,04770  서울 성동구 강변북로 257 (성수동 1가)  ,02-476-0722,http://www.riverview8.co.kr,평일 10:00~22:00,,주말,지하철 5호선 광나루역 2번출구 도보 15분,,,,
12327,ko,롤링코리아,04001 서울 마포구 월드컵북로 19 (서교동 대상빌딩) 3층,02-322-1515,https://www.rollingkorea.com/en/,09:00~18:00,,주말,2호선 홍대입구역 1번 출구 ,,,,
27812,ko,가원공방,03138 서울 종로구 돈화문로6나길 45 (봉익동) ,02-814-0250,http://www.gawoncraft.co.kr/,10:30 ~ 18:30,,주말,,,,,
1546,ko,예지원,04605 서울특별시 중구 장충단로 72 (장충동2가) ,02-2253-2211,http://www.yejiwon.or.kr,※교육별 수강시간이 상이하므로 홈페이지 참조 ,,일요일·공휴일 휴관,3호선 동대입구 2번 출구 420번 버스 탑승 후 국립극장 앞 하차 2호선 동대문 역사 문화공원 8번 출구 420번 버스 탑승 후 국립극장 앞 하차 ,,,,
1572,ko,DMC 홍보관,03926 서울특별시 마포구 월드컵북로 366 (상암동) ,02-309-7067,http://dmc.seoul.kr/cntntsService.do?menuId=MNU_0000000000000082,AM 10:00 ~ PM 05:00,월~토,일요일·공휴일,6호선 디지털미디어시티 9번 출구 도보 10분 ,,,,
23602,ko,서울시50플러스 남부캠퍼스,08350 서울 구로구 오류로 36-25 (오류동 50플러스 남부캠퍼스) ,02-460-5350,http://50plus.or.kr/ssc,주중 : 09:00~19:00 토요일: 09:00~17:00,월~토,일요일 공휴일,7호선 천왕역 3번출구 도보 5분,,,,
1484,ko,LG사이언스홀,07336 서울 영등포구 여의대로 128 ,02-3773-1053,http://www.lgsh.co.kr,학기중 관람시간과 방학중 관람시간이 다르고 개인과 단체입장할 수 있는 시간이 다르니 확인바람 ,월~토,일요일 공휴일,5호선 여의나루 1번 출구 도보 10분 ,,,,
2052,ko,하늘물빛(전통 천연 염색 연구소) ,03052 서울 종로구 북촌로15길 48 ,,https://naturaldye.co.kr/login.do,평일 10:00 - 18:00 토요일 10:00 - 14:00,월~토,일요일 공휴일,3호선 안국역 2번 출구,,,,
11776,ko,성곽길 예술놀이터 꼬레아트(Core Art),04602 서울 중구 동호로17길 173 (신당동) ,02-734-5959,http://blog.naver.com/haera5959,9:00~18:00 (최소 3일전 예약),월~토,일요일 공휴일,3호선 동대입구 5번출구 도보 18분 3 6호선 약수역 8번 출구 6호선 버티고개 1번 출구 도보 10분,,,,
10885,ko,스파더엘,06019 서울 강남구 선릉로153길 26 (신사동 성준빌딩) 5층,02-549-3949,http://www.spa-the-el.com,평일 11:00~21:00 토요일 11:00~19:00,월~토,일요일,분당선 압구정로데오역 5번 출구 ,,,,
23559,ko,서울혁신파크,03371 서울 은평구 통일로 684 (녹번동) ,02-389-7512~3,https://www.innovationpark.kr/,06:00 - 24:00,월~토,일요일,3호선 불광역 2번 출구 도보 4분 6호선 불광역 9번 출구 도보 8분,,,,
18894,ko,지형공방 홍벽헌　,03051 서울 종로구 창덕궁5길 10 (원서동) ,,,하절기 AM 10:00 ~ PM 06:00 동절기 AM 10:00 ~ PM 05:00 ,화~토,일 월,3호선 안국역 3번 출구,,,,
18888,ko,나전과 옻칠　　,03057 서울 종로구 계동4길 3 (계동) ,070-8860-9880　,https://blog.naver.com/krhg252017,11:00~17:00,월~토,일,3호선 안국역 2번 출구,,,,
18891,ko,심화숙 한지공방　,03057 서울 종로구 북촌로 50 3층 ,02-394-6533,,3월~11월 AM 10:00 ~ PM 06:00 11월~2월 AM 10:00 ~ PM 05:00(월요일·명절 당일 휴무),,월요일·명절 당일 휴무,지하철 3호선 안국 2번 출구에서 약 800m,,,,
18904,ko,옻칠 공방　,03060 서울 종로구 북촌로5길 19-12 (재동) ,02-735-5757　,,AM 11:00 ~ PM 05:00,,월요일 휴무,3호선 안국역 2번 출구,,,,
18903,ko,전통혼례보공방,03057 서울 종로구 계동6길 13 (계동) ,,,AM 10:00 ~ PM 05:00 ,,월요일 휴무,3호선 안국역 2번 출구,,,,
18914,ko,국악사랑,03056 서울 종로구 북촌로12길 5-12 (가회동) ,,,AM 10:00 ~ PM 05:00(월요일 휴관),화수목금토일,월요일 휴관,3호선 안국역 2번 출구,,,,
31055,ko,서울특별시교육청과학전시관 ,08799 서울 관악구 낙성대로 101 (봉천동 서울시과학전시관) ,02-881-3000,ssp.sen.go.kr,10:00 ~ 17:00,,월요일 법정공휴일 우천시 동절기(12~3월),2호선 낙성대역 4번 출구 ,,,,
24640,ko,한국의 집,04626 서울 중구 퇴계로36길 10 (필동2가 한국의집) ,02-2266-9101,https://www.chf.or.kr/kh,00:00 ~ 24:00 시설대관 09:00 ~ 19:30 전통문화체험 11:30 ~ 15:30 오찬 12:00 ~ 18:00 전통혼례 17:00 ~ 21:00 궁중한정식(만찬) 20:00 ~ 21:00 전통예술공연,화~일,월요일 공휴일 설날 및 추석 당일,3 4호선 충무로역 3번 출구에서 50m,,,,
23625,ko,장안평자동차산업종합정보센터,04808 서울 성동구 자동차시장1길 64 (용답동 장안평 자동차 종합정보센터) ,02-2213-1370,http://www.jac.or.kr/,09:00~18:00,화~일,월요일 공휴일 ,5호선 장한평역 6번 출구 도보 1분 ,,,,
11512,ko,티켓라운지 씬디,04048 서울 마포구 어울마당로 61 (서교동) ,02-322-2218,http://xindieticket.kr/,수요일 15:00 - 20:00 저녁시간 오후 5~6시 화 목~일 11:00~20:00 수요일 15:00~20:00,화~일,월요일 공휴일,6호선 상수역 1번 출구,,,,
22047,ko,주얼리복합문화공간 스페이스42,03134 서울 종로구 서순라길 83 (서울주얼리센터 제2관) ,02-1670-1420,https://space42.or.kr,10:00 - 19:00,화~일,월요일 공휴일,1호선 종로3가역 7번 출구 3호선 종로3가역 7번 출구 5호선 종로3가역 7번 출구,,,,
27192,ko,신촌 플레이버스,03789 서울 서대문구 연세로5길 11 (창천동 신촌플레이버스) ,02-330-1809,http://play.sdm.go.kr/,11:00~21:00,,월요일 공휴일,2호선 신촌역 2·3번 출구,,,,
23532,ko,SeMA 벙커 ,07327 서울 영등포구 의사당대로 지하 101 (여의도역) ,02-2124-8946,http://sema.seoul.go.kr/korean/index.jsp,11:00~19:00,화~일,-월요일 -1월 1일 ,5·9호선 여의도역 3번 출구에서 200m 직진 후 여의도 공원 앞 교차로에서 우회전하여 200m 직진(도보 7분),,,,
23629,ko,서울시립과학관,01792 서울 노원구 한글비석로 160 (하계동 서울시립과학관) ,02-970-4500,http://science.seoul.go.kr/,09:30 ~ 17:30,화~일,-월요일 (공휴일 겹칠시 화요일 휴관) -1월 1일 -설날 추석 당일,7호선 하계역 3번 출구 도보 15분,,,,
1696,ko,동숭아트센터,03084 서울 종로구 동숭길 122 (재단법인서울문화재단(대학로)) ,02-766-3390,http://www.dsartcenter.co.kr,AM 10:00 ~ PM 06:00  ,,월요일 (공연 및 상황에 따라 변경 가능),4호선 혜화 1번 출구,,,,
18899,ko,우리빛깔공방,03052 서울 종로구 북촌로11가길 14 (가회동) ,02-730-3044,,AM 10:30 ~ PM 05:00,연중 ,월요일 ,3호선 안국역 2번 출구,,,,
20193,ko,스튜디오 콘크리트,04417 서울 용산구 한남대로 162 (한남동) ,02-794-4095,http://www.studio-ccrt.com,11:00~20:00,화~일,월요일,지하철 6호선 한강진역 2번 출구에서 약 400m,,,,
29759,ko,중랑 청소년 체험의 숲 운영센터,02062 서울 중랑구 망우로87길 110 (망우동 캠핑장관리소) ,02-432-2567,http://www.joongrangsoop.com/forest/,09:00 - 17:00(프로그램별 상이),화~일,월요일,경의중앙선 양원역 2번 출,,,,
39724,ko,소전서림,06075 서울 강남구 영동대로138길 23 (청담동) 지하 1층 ,02-542-0804,https://www.instagram.com/sojeonseolim/,11:00 ~ 21:00 (화~토) 11:00 ~ 18:00 (일),화~일,월요일,7호선 청담역 14번 출구에서 404m,,,,
39725,ko,북파크라운지,04399 서울 용산구 이태원로 294 (한남동 블루스퀘어) 3층 북파크라운지,070-7770-0539,https://www.instagram.com/bookparklounge_official/,11:00 ~ 21:00,화~일,월요일,6호선 한강진역 2번 출구에서 12m,,,,
5332,ko,유니버설아트센터,04991 서울 광진구 천호대로 664 (유니버설아트센터) ,070-7124-1740,http://www.uac.co.kr,평일 10:00 - 16:00 주말 10:00 - 18:00,화~일,월요일,5호선 아차산 4번 출구  ,,,,
23761,ko,돈의문 박물관마을,03178 서울 종로구 송월길 14-3 (신문로2가 국도빌딩) ,02-739-6994,http://dmvillage.info/,10:00~19:00,화~일,월요일,5호선 서대문역 4번 출구,,,,
37879,ko,HYBE INSIGHT (하이브 뮤지엄),04389 서울 용산구 한강대로 42 (한강로3가 용산트레이드센터) 하이브 인사이트 지하 1 2층,,https://hybeinsight.com,11:00 ~ 21:00 (입장 마감 18:55),화~일,월요일,4호선 신용산역 2번 출구에서 569m,,,,
28278,ko,청계천 판잣집 체험관,04704 서울 성동구 청계천로 530 (마장동 청계천박물관) 청계천 박물관 앞,02-2290-7134,https://www.sisul.or.kr/open_content/cheonggye/enjoy/shack.jsp,10:00~19:00,화~일,월요일,2호선 용두역 5번 출구 5호선 마장역 1번 출구,,,,
27111,ko,평화문화진지,01318 서울 도봉구 마들로 932 (도봉동 평화문화진지) ,02-3494-1970,http://culturebunker.or.kr/,10:00~18:00,화~일,월요일,1·7호선 도봉산역 2번 출구  ,,,,
28334,ko,CGV 씨네 라이브러리,04536 서울 중구 퇴계로 123 (충무로2가 하이헤리엇) 10 11F,1544-1122,http://www.cgv.co.kr/theaters/?theaterCode=0105,평일 13:00~21:00 주말/공휴일 11:00~21:00,,월요일,4호선 명동역 7·8번 출구,,,,
37586,ko,스페이스 와디즈,04782 서울 성동구 연무장1길 7-1 (성수동2가) ,02-6213-3600,https://www.instagram.com/gonggan_wadiz/,11:00 ~ 20:00,,월요일,,,,,
11622,ko,서울에너지드림센터,03901 서울 마포구 증산로 14 (상암동 에너지 제로 하우스) ,02-3151-0562,http://www.seouledc.or.kr/,09:30 - 17:30,화~일,-월 -1월 1일 -명절연휴 -개관기념일 (12월 12일) ,,,,,
1422,ko,서울 무형문화재 교육전시장,03134 서울 종로구 율곡로10길 13 (권농동) ,02-742-6444,http://www.seoulmaster.com/,10:00 ~ 17:00,화~일,월,3호선 안국역 3번 출구 ,,,,
11772,ko,잠실카트체험장,05500 서울 송파구 올림픽로 25 (잠실동 서울종합운동장) ,02-420-3886,http://www.birel.kr/,10:00 - 18:00,화~일,월,2호선 종합운동장 5번 출구에서 약 800m  ,,,,
1951,ko,보라매 암벽등반장,07062 서울 동작구 보라매로5길 28 동작구민회관 ,,,10:00~22:00,화~일,월,,,,,
10316,ko,한국관광공사 서울센터 (K Style Hub),04521 서울 중구 청계천로 40 (다동 한국관광공사) ,02-729-9457,https://korean.visitkorea.or.kr/other/hub_01.html,2층,09:00~20:00 (연중무휴) 3층,오전 9시~오후 7시(평일) 오전 9시 ~오후 8시 (주말) 4층,오전 10시~오후 8시 5층,,,,
18916,ko,북촌문화센터,03059 서울 종로구 계동길 37 (계동) ,02-2133-1371 1372,http://hanok.seoul.go.kr/front/kor/exp/expCenter.do?tab=1,평일 AM 09:00 ~ PM 06:00 주말 AM 09:00 ~ PM 05:00,,연중무휴 (일요일은 강좌 없음),3호선 안국역 3번 출구,,,,
19552,ko,남산서울타워 한복문화 체험관,04340 서울 용산구 남산공원길 105 (용산동2가 YTN서울타워) ,02-772-9388,https://namsanhanbok.modoo.at,10:00~19:00 (입장마감 18:00),월화수목금토일,연중무휴,4호선 명동역 3번 출구,,,,
5375,ko,서울김치문화체험관,04537 서울 중구 명동8가길 47 (충무로2가) 동양빌딩 2층,02-318-7051,http://www.seoulkimchi.co.kr, 10:30 - 19:00,월~일,연중무휴,4호선 명동역 10번 출구,,,,
1891,ko,세븐럭 카지노(강남),06164 서울특별시 강남구 테헤란로87길 58  (삼성동) ,02-3466-6000 ,http://www.7luck.com,,월~일,연중무휴,2호선 삼성 56번 출구에서 도보 3분거리  ,,,,
28036,ko,봉일온천,08749 서울 관악구 은천로 28 (봉천동 봉일프라자) 3층,02-874-4900,http://www.bongilspa.co.kr/,00:00~24:00 ,월~일,연중무휴,2호선 봉천역 4번 출구 2호선 신림역 8번 출구,,,,
9576,ko,강변스파랜드 (Riverside Spa Land),05049 서울 광진구 구의강변로 45 (구의동 구의동 복합빌딩) 지하 2층,02-455-3737,http://ispaland.co.kr/,,월~일,연중무휴,2호선 강변역 4번출구 도보 4분  ,,,,
21299,ko,놀이똥산,03161 서울 종로구 인사동5길 41 (공평동 하나빌딩) 지하 1층,02-2034-0606,https://playpoop.com/,11:00 - 18:00 (입장마감 17:00),월~일,연중무휴,1호선 종각역 3번 출구,,,,
358,ko,세븐럭 카지노(강북 힐튼점) ,04637 서울 중구 소월로 50 (힐튼호텔) ,02-2021-6000,http://www.7luck.com,,월~일,연중무휴,1호선 서울역 8번 출구 도보 15분    4호선 회현역 4번 출구 도보 15분  ,,,,
3344,ko,테지움 서울,03121 서울 종로구 지봉로 19 (시즌빌딩) 지하 1층,1877-0279,,AM 08:30 ~ PM 07:00 (티켓발권은 PM 06:00 까지),월~일,연중무휴,1호선 동대문역 4번 출구    1호선 동묘앞역 6번 출구    6호선 동묘앞역 6번 출구  ,,,,
18889,ko,이소정 한복명장연구소,03061 서울 종로구 율곡로 3길 66-2 ,02-733-3007,https://blog.naver.com/dotoorak,AM 10:00 ~ PM 07:00 * 토요일 일요일 PM 9:30 까지 한복 대여 및 체험 가능,연중,연중무휴,3호선 안국역 2번 출구,,,,
34492,ko,스매싱볼 청담점,06014 서울 강남구 선릉로 818 (청담동 디자이너클럽) 스매싱볼 청담점,02-546-2231,http://www.smashingbowl.com/main/main.php,00:00~24:00 오전8시~12시(4시간)사이에는 기계점검시간이나 사전예약시에는 이용가능하십니다.,매일,연중무휴,,,,,
380,ko,명동실탄사격장,04537 서울 중구 명동8가길 27 선샤인빌딩3층,02-777-6604,http://www.koreashootingclub.com/gnuboard4/,평일 12:00 - 21:00  주말/공휴일 11:00 - 21:00  ,,연중무휴,4호선 명동역 89번 출구    ,,,,
9746,ko,스파레이,06524 서울 서초구 강남대로107길 5 (잠원동 크레신사옥) ,02-545-4002,http://www.spalei.co.kr/,24시간  ※ 매주 화요일 AM 9:00 ~ AM 10:00 정기점검,,연중무휴,3호선 신사역 5번 출구 도보 10분 ,,,,
28794,ko,성수연방,04784 서울 성동구 성수이로14길 14 (성수동2가) ,070-8866-0213,http://otdcorp.co.kr/our-brand/seongsuyeonbang/,10:00~22:00,,연중무휴,2호선 성수역 3번 출구,,,,
21295,ko,다이나믹 메이즈,03146 서울 종로구 인사동길 44 (관훈동 쌈지길) ,02-2034-0600,http://dynamicmaze.com/main/main.php#&slider1=2,11:00 - 18:00 (입장마감 17:00),,연중무휴,1호선 종로3가역 1번 출구  1호선 종각역 11번 출구  5호선 종로3가역  5번출구 ,,,,
28748,ko,한식문화관,04521 서울 중구 청계천로 40 (다동 한국관광공사) 서울센터 4층,02-6053-7177,http://www.hansik.or.kr/kr/html/htmlDetal.do?htmlId=23&menuId=41,10:00~20:00,,연중무휴,1호선 종각역 5번 출구 2호선 을지로입구역 2번 출구,,,,
28030,ko,라뜰리에,04563 서울 중구 장충단로13길 20 (을지로6가 현대시티타워) 11층 (Gate 4 이용),1522-7327,http://www.light-atelier.com,10:00-21:00 (매표소 마감 19:00),,연중무휴,1·호선 동대문역 8번 출구 2·4·5호선 동대문역사문화공원역 14번 출구,,,,
18881,ko,우리집 게스트하우스,03059 서울특별시 종로구 계동길 33-13 ,02-744-0536,https://www.facebook.com/wooriguest/,24시간,연중,없음,3호선 안국역 2번 출구,,,,
11905,ko,영화 '괴물' 조형물,07337 서울 영등포구 여의동로 330 (여의도동 한강사업본부 여의도안내센터) ,02-3780-0776,http://hangang.seoul.go.kr,주 야간 상시 이용가능,,없음,5호선 여의나루역 2 3번 출구 ,,,,
6568,ko,서울글로벌문화체험센터,04536 서울특별시 중구 명동8길 27 (명동2가) 5층,02-3789-7961,http://seoulculturalcenter.com,AM 10:00 ~ PM 07:00,월~일,신정 설날 추석 당일 휴무,4호선 명동역 6번 출구 도보 3분 2호선 을지로입구역 6번 출구 도보 10분,,,,
18897,ko,금박연,03056 서울 종로구 북촌로12길 24-12 (가회동) ,02-730-2067,http://kumbakyeon.modoo.at/,평일 10:00 - 17:00 토요일 09:00 - 15:00,,수 일,3호선 안국역 2번 출구,,,,
12112,ko,한복&웨딩카페,04564 서울 중구 을지로41길 28 (임성빌딩) ,070-7569-0652,https://dongdaemunhanbok.modoo.at/,10:00~18:00 ,,수,4호선 동대문 역사 문화공원 13번 출구에서 약 150m 5호선 동대문 역사 문화공원 13번 출구에서 약 150m 2호선 동대문 역사 문화공원 13번 출구에서 약 150m,,,,
6367,ko,쌈지길 체험공방,03146 서울특별시 종로구 인사동길 44 지하 1층 (관훈동) ,02-736-0088,https://www.ssamzigil.com/,AM 10:30 ~ PM 08:30,월~일,설날 추석 당일 휴관,3호선 안국 6번 출구  1호선 종각 3번 출구 ,,,,
15338,ko,1898 명동성당 ,04537 서울 중구 명동길 74 (명동2가 명동성당) ,02-774-1784,https://www.mdsd.or.kr/main/,성당사무실 화   ~   금 | 09:00 ~ 20:30 토  요  일 | 09:00 ~ 20:00 일  요  일 | 09:00 ~ 21:00 ,,설날 추석 당일 (성당사무실: 월요일 휴무),2호선 을지로입구역 5번 출구    3호선 을지로3가역 12번 출구 4호선 명동역 9번 출구   ,,,,
18902,ko,전통공예체험관,03056 서울 종로구 북촌로12길 24-5 (가회동) ,02-741-2148,http://tour.jongno.go.kr/tour/main/contents.do?menuNo=110553,3~11월 AM 10:00 ~ PM 06:00 11~2월 AM 10:00 ~ PM 05:00 ,연중  ,설날 및 추석 당일  ,3호선 안국역 2번 출구,,,,
23571,ko,서울창업허브,04147 서울 마포구 백범로31길 21 (공덕동 서울창업허브 서울복지타운) ,02-2115-2040,http://www.seoulstartuphub.com/,평일 : 09:00~21:00 주말 및 공휴일 : 09:00~18:00,상시 운영,설/추석 당일 및 센터 지정 휴무일,5·6·경의중앙·공항철도선 공덕역 2번 출구 도보 10분,,,,
20076,ko,삼해소주가,03051 서울 종로구 창덕궁길 142 (원서동) 101호,,https://samhaesoju.kr/,12:00 - 18:00,,설 추석 연휴 ,3호선 안국역 2번 출구,,,,
1183,ko,락고재,03056 서울 종로구 계동길 49-23 (계동) ,02-742-3410,http://www.rkj.co.kr,체크인 시간 : 오후 3시 이후 체크아웃 시간 : 오전 11시 이전,월~일,설 추석 연휴,3호선 안국역 2번 출구 도보 15분,,,,
40172,ko,교보문고 광화문점 ,03154 서울 종로구 종로 1 (종로1가 교보생명빌딩) 지하 1층,02-1544-1900,https://www.kyobobook.co.kr/storen/MainStore.laf?SITE=01,09:30 ~ 22:00,매일,설 추석 (당일),12호선 시청역 4번 출구 500m 5호선 광화문역 4번 출구 나오기 직전 오른쪽 출입구 1호선 종각역 1번 출구 500m,,,,
19558,ko,템플스테이 통합정보센터,03145 서울 종로구 우정국로 56 (견지동) 템플스테이 종합정보센터 1층,02-2031-2000,http://www.kbuddhism.com/ux.asp?dp=05_01,월~토 09:00 - 19:00  일요일 09:00 - 18:00 ,월~일,법정 공휴일,3호선 안국역 6번 출구 1호선 종각역 3-1번 출구,,,,
5580,ko,이종남 자연염색연구소,03055 서울특별시 종로구 북촌로9길 3-2 (가회동) ,02-762-5310,http://naturalcolor.modoo.at,10:00 - 17:00,월~일,명절외 연중휴무,3호선 안국역 2번 출구 2번 버스 돈미약국 앞 하차,,,,
15858,ko,이스타아카데미,08000 서울 양천구 오목로 321-1 (목동 서경빌딩) ,02-2653-1255,http://estaracademy.co.kr/ ,11:00 ~ 22:00,월~일,명절 공휴일,지하철 5호선 오목교역 1번출구 도보 40m,,,,
12596,ko,사단법인 전통문화원,03036 서울 종로구 자하문로13길 4-9 (통인동) ,02-722-8254,http://www.koreaculture.or.kr,평일 09:00~18:00 토요일 09:00~14:00,,매주 일요일 휴무,3호선 경복궁 2번 출구에서 약500m,,,,
18898,ko,동림매듭공방,03056 서울 종로구 북촌로12길 10 (가회동) ,02-3673-2778,http://www.shimyoungmi.com/,10:00~18:00　 ,화~일,매주 월요일 설날 및 추석당일 ,3호선 안국역 2번 출구,,,,
28029,ko,사운즈 한남,04401 서울 용산구 대사관로 35 (한남동) ,02-511-7443,https://www.instagram.com/sounds.hannam/,09:00 - 22:00(매장별 상이),월~일,매장별 상이,한남역 1번 출구  이태원역 3번 출구,,,,
15855,ko,여의도 KBS,07235 서울 영등포구 여의공원로 13 (여의도동 한국방송공사) ,02-781-1000,http://office.kbs.co.kr/kbson/,견학 09:30~17:00 (17:00까지 입장),월~일,-매월 첫째주 월요일  -1월 1일  -설날 추석 연휴,지하철 9호선 국회의사당역 4번출구에서 도보 3분,,,,
5649,ko,서울풍물시장 전통문화체험관,02586 서울 동대문구 천호대로4길 21 (신설동 서울풍물시장) ,02-2232-3367,http://pungmul.or.kr/ab-1147-6?OTSKIN=layout_ptr.php&PB_1523004558=6,10:00~18:30/ 접수마감 18:00 휴게시간: 12:00~13:00,월~일,매달 두 번째 네 번째 화요일(월 2회 휴장),1호선 신설동 9번 출구 200M,,,,
1778,ko,목동 아이스링크,07990 서울특별시 양천구 안양천로 939  (목동) ,02-2649-8454,http://www.mdicerink.co.kr/,평일 PM 02:00 ~ PM 06:00 주말·공휴일 PM 12:00 ~ PM 06:00 방학 기간 AM 10:00 ~ PM 06:00 ,,구정·추석 당일 휴장,5호선 오목교 3번 출구 도보 10분  ,,,,
1747,ko,산울림소극장,04052 서울특별시 마포구 와우산로 157 지하 1층 소극장 산울림 (서교동) ,02-334-591525,http://tcsanwoollim.modoo.at/,공연별로 차이가 있음 사전 확인 요망 ,,공연별로 차이가 있음,2호선 신촌 8번 출구 도보 10~15분 ,,,,
1919,ko,명보아트홀,04549 서울 중구 마른내로 47 (초동 명보극장) ,02-2274-2121,http://anyonefnc.com/anyone_2014/page_06_n01.php,AM 10:00 ~ PM 10:00,,각 공연에 따라 다름,3호선 을지로3가역 8번 출구 도보 1분 4호선 충무로역 7번 출구 도보 5분 2호선 을지로3가역 8번 출구 도보 1분,,,,
2447,ko,충무아트센터,04569 서울 중구 퇴계로 387 (흥인동 충무아트센터) ,02-2230-6600,http://www.caci.or.kr/,공연 및 전시 : 공연에 따라 이용 시간에 차이가 있음  ARS: AM 09:30 ~ PM 06:30 (점심시간 PM 12:00 ~ PM 01:00) ,ARS: 월~금,ARS: 주말,6호선 신당 9번 출구 도보 3분  2호선 동대문 역사 문화공원 2번 출구 도보 10분  2호선 신당 1번 출구  ,,,,
11631,ko,시민청,04524 서울 중구 세종대로 110 (태평로1가 서울시청) ,02-120,http://www.seoulcitizenshall.kr/,동절기(11~2월) : 09:00~20:00  하절기(3~10월) : 09:00~21:00 ,월요일~일요일,1월1일 명절 당일,2호선 시청 4번출구 2호선 을지로입구 1번출구  1호선 시청 4번출구  ,,,,
1466,ko,서울랜드 ,13829 경기 과천시 광명로 181 (막계동 서울랜드) ,02-509-6000,http://www.seoulland.co.kr ,09:30 ~ 18:00 20:00 21:00 22:00(축제일정 및 공원사정에 따라 폐장시간 변경)   *매일 폐장시간이 달라지니 홈페이지에서 확인바랍니다.  *티켓판매와 입장은 공원 폐장 30분 전까지만 가능,월화수목금토일 ,,,,,,
27997,ko,그날 그 한복,03062 서울 종로구 율곡로1길 36 (사간동) ,02-2088-0995,http://www.hanbokthatday.co.kr,09:30~19:00 (경복궁 야간개장시 22:00까지),월-일,,3호선 안국역 1번 출구,,,,
24330,ko,해라 판타스틱,04517 서울 중구 통일로 120  ,02-3143-5959,https://www.facebook.com/HAERA.INC,17:00 20:00,월요일 ~ 일요일,,5호선 서대문역 6번 출구,,,,
2293,ko,태릉국제스케이트장 ,01794 서울 노원구 화랑로 681 (공릉동 태강릉) ,02-970-0501,http://www.icerink.or.kr ,10:00 ~ 18:00,월~일 ,,6호선 태릉입구역 7번 출구 셔틀버스 환승    6호선 화랑대역 1번 출구 셔틀버스 환승  ,,,,
22073,ko,성수동 유니온스타 볼링클럽,04782 서울 성동구 연무장7길 12 (성수동2가 세대빌딩) ,02-461-0707,http://blog.naver.com/unionstar78,10:00~02:00,월~일,,지하철 2호선 성수역 4번출구에서 100m이내,,,,
1618,ko,JUMP(점프) 전용극장,04549 서울 중구 마른내로 47 (초동 명보극장) 3층 점프전용극장,02-722-3995,http://www.hijump.co.kr/kr/,월 PM 08: 00  화~토 PM 05:00  PM 08:00  일ㆍ공휴일 PM 02:00 PM 06:00  ※ 매달 관람시간이 상이하니 홈페이지에서 확인바랍니다.,월~일,,지하철 23호선 을지로3가역 8번 출구 도보 3분 지하철 34호선 충무로역 7번 출구도보 7분 ,,,,
24732,ko,SJ쿤스트할레,06054 서울 강남구 언주로148길 5 (논현동) ,,http://sjkunsthalle.com/,평일 09:00 - 18:00 대관문의 평일 11:00 - 22:00 카페 평일 11:00 - 18:00 피규어갤러리(JDstudio),월~일,,분당선·7호선 강남구청역 3번 출구,,,,
11182,ko,서울마리나 요트&클럽,07231 서울 영등포구 여의서로 160 (여의도동) ,02-3780-8400,http://www.seoul-marina.com,매일 10:00 - 22:00,월~일,,9호선 국회의사당역 6번 출구,,,,
305,ko,세종문화회관,03172 서울 종로구 세종대로 175  (세종문화회관) ,02-399-1000,https://www.sejongpac.or.kr/portal/main/main.do,공연에 따라 이용 시간이 다름  * 현장 및 전화 예매 AM 09:00 ~ PM 08:00 (연중무휴),월~일,,5호선 광화문역 1번 8번 출구 도보 5분    3호선 경복궁역 6번 7번 출구 도보 10~15분 ,,,,
28037,ko,비스타 워커힐 서울,04963 서울 광진구 워커힐로 177 (광장동 워커힐호텔) ,02-465-2222,http://www.vistawalkerhillseoul.com/,매일 10:00~22:00 *SKYARD BAR 평일 14:00 - 21:00  주말 10:00 - 21:00 ,월~일,,5호선 광나루역 2번 출구 ,,,,
2802,ko,워커힐 카지노,04963 서울 광진구 워커힐로 177 (광장동 그랜드워커힐서울) ,1899-0700,http://www.paradisecasino.co.kr,연중 무휴 24시간 내국인 이용 불가,월~일,,5호선 광나루 호텔 셔틀버스 이용 2호선 강변 호텔 셔틀버스 이용,,,,
3674,ko,해치홀,04536 서울 중구 명동8길 27 (명동2가 엠 플라자) 5층,02-3789-7962,http://seoulculturalcenter.com/ko/about/#!/facilities,매일 10:30 - 18:30,월~일,,4호선 명동 6번 출구 도보 5 ~ 10분 2호선 을지로입구 6번 출구,,,,
28035,ko,우리유황온천,05102 서울 광진구 자양로5길 33 (자양동 와이엠프라젠스파) ,02-3436-0005,,평일 5:30~20:00 주말/공휴일 05:30 - 22:00 ,월~일,,2호선 구의역 4번 출구,오전 9시~오후 7시(평일) 오전 9시~오후 8시(주말) * 공예체험 오전 9시~오후 6시 (연중무휴),,,1호선 종각역 5번 출구 
20766,ko,시네코아셰프전용관,03191 서울 종로구 삼일대로 386 (관철동 시네코아) ,02-766-0815,http://www.musicalchef.net/view/index.html,월 20:00 화 ~ 일 17:00 20:00,월~일,,1호선 종로3가역 15번 출구 3호선 종로3가역 15번 출구 5호선 종로3가역 15번 출구,,,,
25768,ko,팝콘D스퀘어 ( POPCONDSQUARE) ,04377 서울 용산구 한강대로23길 55 (한강로3가 용산역) 현대 아이파크몰 6층 101호 팝콘D스퀘어,02-6373-3364,http://www.popcond.com/,평일(월-목) 10:30~ 20:30 주말(금-일) 10:30~ 21:00,월~일,,1호선 용산역 2번 출구 4호선 신용산역 3번 출구 ,,,,
34412,ko,컬러풀뮤지엄(COLORPOOL MUSEUM),03145 서울 종로구 인사동길 49 (관훈동) 안녕인사동 6층,02-6954-2872,http://colorpoolmuseum.com/,10:00 ~ 21:00 (20:20 매표마감),연중무휴,,3호선 안국역 6번 출구 / 1호선 종각역 3-1번 출구,,,,
34359,ko,세빛섬 튜브스터,06500 서울시 서초구 올림픽대로 2085-14 (반포동),02-713-1362,https://www.tubester.co.kr,주중: 16:00 ~ 24:00 주말: 14:00~24:00 (우천 강풍시 휴장 혹은 운행 시간 변경),매일,,지하철 379 호선 고속버스터미널역 6번 출구 (무료 셔틀버스 운행 매 15분),,,,
37194,ko,스터디룸 TRYGROUND ,08801 서울 관악구 남부순환로 1921-1 (봉천동 범산빌딩) ,070-4422-8060,http://tryground.co.kr/,,매일,,낙성대역 2번 출구,,,,
37839,ko,아크앤북 이태원점,04392 서울 용산구 장문로 23 (이태원동 몬드리안 서울 이태원) 아크앤북 이태원점 ,070-4258-2787,http://www.instagram.com/arc.n.book_official,10:00 ~ 22:00,매일,,6호선 이태원역 4번 출구에서 909m,,,,
39840,ko,카페 꼼마 합정점,04020 서울 마포구 포은로 49 (합정동) ,070-4179-2205,https://www.instagram.com/cafecomma__official/,10:00 ~ 21:00,매일,,6호선 망원역 2번 출구에서 680m,,,,
39726,ko,후암서재,04333 서울 용산구 두텁바위로1길 69-1 (후암동) ,070-4129-6552,https://www.instagram.com/huamsharedstudy/,10:00 ~ 18:00 (낮) 19:00 ~ 24:00 (밤),매일,,4호선 숙대입구역 2번 출구에서 383m,,,,
34505,ko,아이러브한식,03981 서울 마포구 동교로 282 (연남동) 2층,070-7786-1445,https://www.instagram.com/ilovehansik/,오전 9시 - 저녁 10시,매일,,2호선 홍대입구 3번 출구,,,,
36693,ko,미스터리 룸 이스케이프 홍대점,04049 서울 마포구 잔다리로 5-1 ,02-323-1314,http://www.mysteryroomescape.com/,10:00~23:00,매일,,2호선 홍대역 9번 출구,,,,
34361,ko,세라듀 도자기공방,06227 서울시 강남구 논현로 332 계유빌딩 B1,02-558-9654,https://www.ceradu.com,10:00 ~ 20:00 (수업에 따라 상이함 공휴일 10:00 ~ 19:00 예약시가능),매일,,2호선 역삼역 1번 출구,,,,
38104,ko,제로월드 강남점,06612 서울 서초구 서초대로73길 40 (서초동 강남오피스텔) 지하 1층,02-599-1661,http://www.zerogangnam.com,11:00 ~ 23:00,매일,,2호선 신분당선 강남역 10번 출구에서 399m,,,,
34360,ko,원밀리언 댄스 스튜디오,04784 서울시 성동구 뚝섬로 13길 33,02 - 512 - 6756,https://www.1milliondance.com/,평일 16:00~22:00 / 주말 15:00~21:30,매일,,2호선 성수역 3번 출구,,,,
374,ko,코엑스 아쿠아리움,06164 서울 강남구 영동대로 513 코엑스몰 B1 ,02-700-7200 (단체예약 02-700-7300),http://www.coexaqua.com,10:00 ~ 20:00 (입장마감 19:00),매일,,2호선 삼성역 5번 6번 출구와 연결된 코엑스 몰로 진입. 도보 10분    7호선 청담역 2번 출구 도보 15분,,,,
39734,ko,광진구 인덱스숍,05071 서울 광진구 아차산로 200 (자양동) 커먼그라운드 3층,02-2122-1259,https://www.instagram.com/indexshop.kr/,11:00 ~ 22:00,매일,,27호선 건대입구역 6번 출구에서 203m,,,,
34489,ko,콤콤오락실,04315 서울 용산구 백범로87길 51 (원효로1가) 콤콤오락실,,https://www.instagram.com/comcomplay/,00:00 ~ 24:00,매일,,1호선 남영역 1번 출구 4호선 삼각지역 9번 출구,,,,
39729,ko,더숲 초소책방,03033 서울 종로구 인왕산로 172 ,02-735-0206,https://chosobooks.com/,08:00 ~ 22:00,매일,,1020 7022 7212 버스 '윤동주문학관' 에서 하차 후 도보 15분 마을버스 09번 종점 '수성동계곡' 에서 하차 후 도보 20분,,,,
37367,ko,롯데월드 아쿠아리움,05551 서울 송파구 올림픽로 300 (신천동 롯데월드타워앤드롯데월드몰) ,02-1661-2000,http://www.lotteworld.com/aquarium/index.asp,월~목 10:00 ~ 20:00 (입장마감 19:00) 금~일 공휴일 10:00 ~ 21:00 (입장마감 20:00),매일,,,,,,
37891,ko,아쿠아플라넷63,07345 서울 영등포구 63로 50 (여의도동 63한화생명빌딩) ,02-1833-7001,https://www.aquaplanet.co.kr/63/index.do,10:00 ~ 19:00 (입장마감 18:30),매일,,,,,,
24755,ko,골든블루마리나,06500 서울 서초구 올림픽대로 2085-14 세빛섬 골든블루 마리나,02-599-0900,http://www.gbboat.com/kor/main/index.php,주중/주말 09:00~22:00,매년 3월~11월 ,,3·7·9호선 고속터미널역 8-1번 출구,,,,
3411,ko,명동예술극장,04534 서울 중구 명동길 35 (명동1가 명동예술극장) ,1644-2003,http://www.ntck.or.kr/,전화예매  - 평일 13:00~20:00 - 주말·공휴일 10:00~17:00 (점심시간 12:00~13:00),공연이 있는 날에 한해 공연 시작 1시간 반 전부터 매표소 운영,,4호선 명동 6번 출구 도보 10분  2호선 을지로입구 6번 출구 도보 10분  ,,,,
1733,ko,아르코(ArKo)예술극장,03086 서울특별시 종로구 대학로8길 7 (동숭동) ,02-3668-0007,http://theater.arko.or.kr,문의시간 화~일요일 AM 10:00 ~ PM 07:00  ※ 공연 프로그램 따라 이용시간이 다르니 홈페이지에서 확인바람,공연별로 차이가 있음,,4호선 혜화 2번 출구 도보 10분 ,,,,
37154,ko,테이블에이,04059 서울 마포구 와우산로 146 (창전동 그레이스빌딩) ,02-324-5542,https://tableashop.modoo.at/,매일 12:00 ~ 22:00,,,홍대입구역 6번 출구,,,,
15408,ko,리얼케이팝댄스(REAL K-POP DANCE),04004 서울시 마포구 동교로 19길 48 ,,http://www.realkpopdance.com/,10:00 ~ 21:00,,,홍대입구역 1번 출구에서 도보로 5분,,,,
360,ko,SM 사옥,06012 서울특별시 강남구 삼성로 648 ,02-6240-9800,http://www.smtown.com,,,,지하철 7호선 청담역 6번출구,,,,
15847,ko,뷰티블르바드,06072 서울 강남구 학동로97길 38 (청담동 더하우스) 4층 ,02-518-8066,http://www.btblvd.com/main/,11:00~24:00 ,,,지하철 7호선 청담역 12번출구 ,,,,
15402,ko,고척 스카이돔,08275 서울 구로구 경인로 430 (고척동 고척스카이돔) ,02-2128-2300,http://www.sisul.or.kr/open_content/skydome ,,,,지하철 1호선 구일역 2번 출구 나와서 도보 이동(5분),,,,
11873,ko,부티크모나코,06616 서울특별시 서초구 서초대로 397 (서초동) ,,,,,,신분당선 강남역 9번 출구 2호선 강남역 9번 출구,,,,
10290,ko,나무엑터스,135-010 서울특별시 강남구 언주로150길 34 (논현동) ,02-3444-1919,http://www.namooactors.com,,,,분당선 압구정로데오역 5번 출구,,,,
11360,ko,씨제스사옥,06054 서울 강남구 도산대로 310 (논현동 916빌딩) 5층,02-511-1459,http://www.c-jes.com,,,,분당선 압구정로데오역 5번 출구,,,,
11315,ko,FNC 사옥,06012 서울 강남구 도산대로85길 46 ,02-517-5426,http://www.fncent.com/,,,,분당선 압구정로데오역 2번 출구에서1000m 이내,,,,
24368,ko,SJ비보이즈 ‘쿵’ 페스티벌,04054 서울 마포구 와우산로 121  ,-5476,http://www.sjbboys.com/,,,,공항철도 홍대입구역 9번 출구 2호선 홍대입구역 9번 출구,,,,
12366,ko,MBC가든스튜디오,03925 서울 마포구 성암로 267 (상암동 (주)문화방송) ,02-789-0011,http://www.imbc.com/,,,,경의중앙선 수색역 1번 출구 경의중앙선 디지털미디어시티역 9번 출구 공항철도 디지털미디어시티역 9번 출구,,,,
24551,ko,호텔 카푸치노,06122 서울 강남구 봉은사로 155 (논현동 호텔 카푸치노) ,02-2038-9501,http://hotelcappuccino.co.kr/,,,,9호선 언주역 1번 출구,,,,
24394,ko,터치스카이 빵쇼,07345 서울 영등포구 여의동로 213 (여의도동 여의도금호리첸시아) ,070-4267-6683,http://www.pangshow.co.kr/,,,,9호선 샛강역 3번 출구,,,,
11372,ko,KBS홀,07235 서울 영등포구 여의공원로 13 (KBS 신관) / 여의대방로 359 (KBS별관) ,02-781-1000,http://www.kbs.co.kr/,,,,9호선 국회의사당역 4번 출구,,,,
1914,ko,여의도 한강공원 수영장,07337 서울특별시 영등포구 여의동로 330 한강사업본부 여의도안내센터 ,02-785-0478, http://hangang.seoul.go.kr/archives/46886,09:00 - 19:00,,,9호선 국회의사당 1번 출구  5호선 여의나루 2번 출구  ,,,,
32125,ko,항동철길 ,08358 서울 구로구 오리로 1189 (오류동 금강프라자) ,,,매일,,,7호선 천왕역 3번 출구 ,,,,
24668,ko,세종대 컨벤션센터,05006 서울 광진구 능동로 209 (군자동 세종대학교) ,02-3408-4459,http://convention.sejong.ac.kr/main.do,,,,7호선 어린이대공원역 6번 출구,,,,
10215,ko,MBK 엔터테인먼트,06099 서울 강남구 학동로 342 (논현동 에스케이 허브블루) 209,02-3453-9145,https://post.naver.com/my.nhn?memberNo=36638490,,,,7호선 분당선  강남구청역 2번 출구 ,,,,
5751,ko,뚝섬 한강공원 수영장, 서울특별시 광진구 동일로4길 56-10 (자양동) ,02-452-5955,,09:00 ~ 19:00 (6월말 ~ 8월 개장),,,7호선 뚝섬유원지 23번 출구,,,,
2101,ko,서울월드컵경기장,03932 서울특별시 마포구 월드컵로 240 (성산동) 월드컵주경기장,02-2128-2000,http://www.sisul.or.kr/open_content/worldcup/,09:00 ~ 18:00 (매주 월요일 / 명절 연휴 / 근로자의 날(5.1.) / 경기행사일 관람시간 제한) *월드컵몰의 경우 각 매장별로 차이가 있음 ,,,6호선 월드컵경기장 1번 2번 출구  ,,,,
5160,ko,난타전용관(홍대),04039 서울 마포구 양화로16길 29 (홍익몰) ,02-739-8288,http://www.nanta.co.kr/,홈페이지 참조,,,6호선 상수역 1번 출구 도보 10분    2호선 홍대입구역 9번 출구 도보 5분,,,,
11525,ko,롤링홀,04048 서울 마포구 어울마당로 35 (서교동) ,02-325-6071,http://www.rollinghall.co.kr,12:00 - 22:00 공연에 따라 다르므로 홈페이지 확인 바랍니다.,,,6호선 상수 1번출구 → 100M정도 가다가 우측의 주차장 골목에서 두 번째 건물 (소요시간 : 5분 정도)  ,,,,
2940,ko,하얏트 아이스링크,04347 서울 용산구 소월로 322 (한남동 하얏트호텔) ,02-799-8113,https://seoul.grand.hyatt.com/ko/hotel/activities/hotel-activities/iceskating.html,평일 PM 12:00 ~ PM 09:00 주말·공휴일 AM 10:00 ~ PM 09:00  *2017년 2월 28일 시즌 종료,,,6호선 녹사평 1번 출구로 나와 건널목을 건너 마을버스 3번 승차  ,,,,
11307,ko,콘래드 서울 호텔,07326 서울특별시 영등포구 국제금융로 10  (여의도동) ,02-6137-7000,http://www.conradseoul.co.kr,체크인 PM 04:00 체크아웃 AM 11:00,,,5호선 여의도 3번출구 지하 IFC몰을 통하여 L1에서 콘래드 서울 연결,,,,
12498,ko,메이필드 호텔,07506 서울특별시 강서구 방화대로 94 (외발산동) ,02-2660-9000,http://www.mayfield.co.kr/,체크인 PM 03:00 체크아웃 PM 11:00 ,,,5호선 송정 3번 출구 김포공항역 1번 출구에서 셔틀버스 이용  ,,,,
24350,ko,쇼비보이,04518 서울 중구 정동길 3  ,02-2266-3727,,,,,5호선 서대문역 5번 출구,,,,
2872,ko,한강 자전거 코스,143-300 한강 공원 ,02-3780-0772,,,,,5호선 방화역 1번 2번 출구 06번 버스 탑승 후 강서습지생태공원 하차 5호선 여의나루역 2번 3번 출구 도보 5분 7호선 뚝섬유원지역 2번 3번 출구 도보 5분  ,,,,
11252,ko,JYP엔터테인먼트,05407 서울 강동구 강동대로 205 (성내동 JYP Center) ,02-2225-8100,http://www.jype.com,,,,5호선 둔촌동역 3번 출구에서 1200m 이내,,,,
29502,ko,라바타운,03176 서울 종로구 경희궁1길 1 (신문로2가 주식회사 투바앤) ,투바앤굿즈 매장 +82-70-4609-6492<br>카페윙클 +82-70-4609-6491,http://tubaani.com/,10:00~20:00,,,5호선 광화문역 7번 출구 3호선 경복궁역 7번 출구,,,,
3663,ko,학전블루소극장,03086 서울 종로구 대학로12길 46 (삼광빌딩) ,02-763-8233,http://hakchon.co.kr/,공연에 따라 이용시간이 다름 (사전 확인 요망),,,4호선 혜화역 1번 출구  ,,,,
2256,ko,정보소극장,03086 서울특별시 종로구 대학로12길 38 정보빌딩 1층 (동숭동) ,02-3673-0554,,공연작에 따라 이용시간이 다름  사전 확인 요망,,,4호선 혜화 1번 출구 도보 10분,,,,
6529,ko,남산예술센터,04628 서울특별시 중구 소파로 138  (예장동) ,02-758-2150,http://www.nsac.or.kr/Home/Main.aspx,평일 10:00 - 18:00 * 공연시간은 작품에 따라 다르므로 홈페이지를 확인 바랍니다.,,,4호선 충무로 5번 출구에서 도보 20분 4호선 명동 1번 출구에서 도보 10분,,,,
11186,ko,아리랑 영화의 거리,02827 서울특별시 성북구 돈암동 ~ 정릉동 일대,02-120,,,,,4호선 성신여대입구 5번 6번 출구 도보 5분 ,,,,
5791,ko,난타전용관(명동),04536 서울 중구 명동길 26 (명동2가 유네스코회관) ,02-739-8288,http://www.nanta.co.kr/,홈페이지 참조,,,4호선 명동역 6번 출구 도보 10분    2호선 을지로입구역 5 6번 출구 도보 5분  ,,,,
28456,ko,더리버,06500 서울 서초구 신반포로11길 39 (한강반포지구 내 유선장) The River,-2490,http://www.the-river.co.kr/,,,,4·9호선 동작역 2번 출구 9호선 구반포역 2번 출구 3·9호선 고속버스터미널역 ,,,,
1278,ko,서울남산국악당,04626 서울 중구 퇴계로34길 28 (남산한옥마을) ,02-2261-0500,http://hanokmaeul.or.kr/,강좌 공연에 따라 차이가 있음.  *해당 공연 일정 확인 요망,,,3호선 충무로역 3번 4번 출구 도보 5분    4호선 충무로역 3번 4번 출구 도보 5분,,,,
2768,ko,서울극장,03192 서울 종로구 돈화문로 13 (관수동 서울극장) ,02-2269-2700,http://www.seoulcinema.com,09:00 ~ 24:00  상영작에 따라 이용 시간에 차이가 있음,,,3호선 종로3가 14번 출구 5호선 종로3가 14번 출구 1호선 종로3가 14번 출구,,,,
25016,ko,아원공방,03053 서울 종로구 인사동길 44 쌈지길 (관훈동) ,02-735-3482 ,https://www.ah-won.com/,매일 10:30 - 19:30 일요일 11:00 - 19:00,,,3호선 안국역 6번 출구,,,,
24596,ko,서울돈화문국악당,03134 서울 종로구 율곡로 102 (와룡동 서울돈화문국악당) ,02-3210-7001,http://sdtt.or.kr/user/,,,,3호선 안국역 4번 출구,,,,
37043,ko,ONDO STUDIO,03052 서울 종로구 북촌로5나길 114 (삼청동) ,,https://www.instagram.com/ondo_studio/,,,,3호선 안국역 2번 출구,,,,
3399,ko,금현국악원, 서울특별시 종로구 윤보선길 27 (안국동) ,02-723-8585,http://www.wonjh.com,개인 사정에 의해 이용 시간 변동 가능,,,3호선 안국역 1번 출구 도보 10분,,,,
10565,ko,두 게스트하우스 (북촌),03056 서울 종로구 계동길 103-7 (계동) ,02-3672-1977,http://www.dooguesthouse.com/kr/,,,,3호선 안국 3번 출구 이용 도보 5분 거리  ,,,,
24498,ko,영빈관(신라호텔),04605 서울 중구 동호로 249 (장충동2가 신라호텔) ,02-2230-3131,https://www.shillahotels.com/index.do#,,,,3호선 동대입구역 5번 출구,,,,
3988,ko,예술의 전당,137-070 서울특별시 서초구 남부순환로 2406  (서초동) ,02-580-1300,http://www.sac.or.kr/SacHome/sachome/main,공연에 따라 이용 시간이 다름,,,3호선 남부터미널 5번 출구 셔틀버스 이용  3호선 양재 1번 출구 초록(지선)버스 17번 (약 10-15분 소요)  2호선 서초 3번 출구 초록(지선)버스 11번 (약 5-10분 소요)  ,,,,
11171,ko,YG 엔터테인먼트,04028 서울 마포구 희우정로1길 3 (YG엔터테인먼트) ,,http://www.ygfamily.com,,,,2호선 합정역 8번출구 6호선 합정역 8번 출구,,,,
2643,ko,잠실야구장,138-220 서울특별시 송파구 올림픽로 25 (잠실동) ,1661-0965,,경기에 따라 이용 시간이 다름 사전 확인 요망,,,2호선 종합운동장 5번 6번 출구 도보 5분,,,,
405,ko,롯데월드 아이스링크,05554 서울 송파구 올림픽로 240 (롯데월드) ,02-1661-2000,http://www.lotteworld.com/icerink/,12:00 - 20:00,,,2호선 잠실역 4번 출구 연결   ,,,,
24378,ko,난타,04536 서울 중구 명동길 26 (명동2가 유네스코회관) ,02-739-8288,https://www.nanta.co.kr:452/,,,,2호선 을지로입구역 5번 출구,,,,
1780,ko,민속극장 풍류,06153 서울 강남구 봉은사로 406 (삼성동 서울중요무형문화재전수회관) ,02-3011-2178,https://www.facebook.com/Pungryu,목요 상설기획공연 이야기 풍류 오후 7:30 시작 화 목 금 토요일 국가무형문화재 초청공연 진행 ※ 티켓은 당일 공연시작 2시간 전부터 발권,,,2호선 선릉역 8번 출구  분당선 선정릉역 3번 출구,,,,
12028,ko,호텔 더 디자이너스 삼성점,06158 서울특별시 강남구 테헤란로79길 7 (삼성동) ,02-568-8371,http://hotelthedesigners.com/samseong,체크인 15:00 체크아웃 12:00,,,2호선 선릉 10번 출구에서 약 700m,,,,
2789,ko,문래동 예술촌,150-093 서울특별시 영등포구 도림로128가길 13-8 ,02-120,http://cafe.naver.com/mullaeartvillage,각 스튜디오별로 이용 시간이 다름,,,2호선 문래 1번 7번 출구 도보 5분  ,,,,
18806,ko,그랜드 워커힐 서울렛츠런 문화공감센터,04963 서울 광진구 워커힐로 177 (광장동 그랜드워커힐서울) ,1566-3333,http://www.kra.co.kr/walkerhill/index.do,계절에 따라 다름(홈페이지 확인),,,2호선 강변역 1번 출구(셔틀버스 이용) 5호선 광나루역 2번 출구 맞은편(셔틀버스 이용),,,,
13052,ko,그랜드 워커힐 서울,04963 서울특별시 광진구 워커힐로 177 (광장동 그랜드워커힐서울) ,02-455-5000,http://www.grandwalkerhillseoul.com/,체크인 PM 15:00 체크아웃 AM 12:00,,,2호선 강변 1번 출구에서 셔틀버스 이용  ,,,,
37890,ko,세운청계상가,04545 서울 중구 청계천로 160 (산림동 세운청계상가) ,02-2264-8511,http://sewoon.org/,,,,25호선 을지로4가역3번 출구에서 290m,,,,
40281,ko,로컬스티치 크리에이터 타운 을지로,04559 서울 중구 창경궁로 20 (예관동) 로컬스티치 크리에이터 타운 을지로,02-2278-8601,http://localstitch-creatortown.com/,,,,25호선 을지로 4가역 8번 출구에서 254m,,,,
24561,ko,KT&G 상상마당,04042 서울 마포구 어울마당로 65 (서교동 상상마당빌딩) ,02-330-6200,https://www.sangsangmadang.com/,,,,2·6호선 합정역 3번 출구,,,,
24340,ko,명보아트홀 [드럼캣],04549 서울 중구 마른내로 47 (명보극장) ,02-2-2274-2121,,,,,2·3호선 을지로3가역 8번 출구,,,,
1453,ko,두산아트센터,03129 서울 종로구 종로33길 15 (연지동 두산아트센터) ,02-708-5001,http://www.doosanartcenter.com,공연에 따라 차이가 있음,,,1호선 종로5가역 1번 출구 도보 5분,,,,
39311,ko,맹그로브 신설,02582 서울 동대문구 왕산로 22 (라마다 앙코르 동대문 호텔) 맹그로브 신설점,,http://mangrove.city/,,,,1호선 신설동역 4번 출구에서 50m,,,,
24710,ko,정동마루,04518 서울 중구 정동길 43 (정동 정동극장) ,02-751-1500,https://www.jeongdong.or.kr/portal/main/main.do,,,,1호선 시청역 1번·2번·12번 출구    5호선 서대문역 5번 출구 도보 10분    5호선 광화문역 6번 출구  ,,,,
24650,ko,63컨벤션센터,07345 서울 영등포구 63로 50 (63한화생명빌딩) ,02-789-5700,http://www.63convention.co.kr/home/63WEDDING/index.jsp,,,,1호선 대방역 6번 출구 5호선 여의나루역 4번 출구 5호선여의도역 5번 출구 9호선 샛강역 1번출구,,,,
29564,ko,서울여성플라자,06939 서울 동작구 여의대방로54길 18 (대방동 서울여성플라자) ,02-810-5075,http://www.seoulwomen.or.kr/c2/sub4.jsp,,,,1호선 대방역 2 3번 출구,,,,
25929,ko,탈방 ,03146 서울 종로구 인사동길 48 (관훈동) ,02-734-9289,https://talbang.modoo.at/,10:30 - 19:00,,,,,,,
25927,ko,명신당필방,03148 서울 종로구 인사동길 34 (관훈동) ,02-722-2466,,10:00~18:00,,,,,,,
27813,ko,북촌목공예공방,03057 서울 종로구 계동6길 12 (계동) ,02-725-1061,,10:00~17:00,,,,,,,
56,ko,서울의 밤을 즐기자 : 홍대 일대 경리단 길,04051 서울 마포구 양화로 지하 188 (동교동 홍대입구역) ,,,,,,,,,,
15965,ko,한류관광지,  ,,,,,,,,,,
