분류,공연/행사명,장소,주소,주요 역,기관명,홈페이지,이용대상,이용요금,출연자정보,프로그램소개,기타내용,대표이미지,신청일,시민/기관,시작일,종료일,테마분류
전시/미술,PIECE BY PEACE,서울시 강남구 역삼로 14길 20 ADM갤러리 4층,대한민국 서울시 강남구 역삼로14길 20,강남역,adm갤러리 홈페이지,https://www.admgallery.co.kr/piece-by-peace,시민 누구나,없음,,,,https://culture.seoul.go.kr/cmmn/file/getImage.do?atchFileId=b4da9bf5104f4969879524e9570a13a4&thumb=Y,2022-02-08,기관,2022-03-03,2022-03-16,기타
전시/미술,<살바도르 달리> Salvador Dali: Imagination and Reality,DDP 배움터 지하2층 디자인전시관,서울시 중구 을지로 281,동대문역사문화공원역,DDP,www.gncmedia.com,전체 관람가,성인 20000원 / 청소년 15000원 / 어린이 13000원 등,,2021년 11월 27일부터 2022년 3월 20일까지 동대문디자인플라자(DDP)에서 진행된다. 살바도르 달리의 회화와 삽화 설치작품 영상 상업광고 등의 걸작 총 140여 점을 소개하며 다방면으로 천재적이었던 달리의 예술성을 조명한다.,휴관일 없음 공휴일 정상 운영 / 단체 예약 및 문의 : gnc@gncmedia.com / 02-325-1077,https://culture.seoul.go.kr/cmmn/file/getImage.do?atchFileId=bac76b5a65094b22b8e8881f8e2e10a3&thumb=Y,2021-11-29,기관,2021-11-27,2022-03-20,기타
전시/미술,제3회 휴먼시티디자인어워드 시민 투표 및 전시,DDP 1층 살림터  온라인,서울시 중구 을지로 281,동대문역사문화공원역,DDP,http://humancitydesignaward.or.kr,전 연령,,,,,https://culture.seoul.go.kr/cmmn/file/getImage.do?atchFileId=e703eba4f4f24d7d8c4f6e6daa12659f&thumb=Y,2022-02-24,기관,2022-02-15,2022-04-29,
전시/미술,DDP 오픈큐레이팅 vol.21 [Material Collective]展,DDP 갤러리문,서울시 중구 을지로 281,동대문역사문화공원역,DDP,https://ddp.or.kr/index.html?menuno=239&siteno=2&bbsno=407&boardno=15&cateSched=15&bbstopno=407&act=view,전체 관람가,무료 ※사전예약제,,,,https://culture.seoul.go.kr/cmmn/file/getImage.do?atchFileId=ef7f0eaeb0564fb5a9930160b4cc89b8&thumb=Y,2022-02-21,기관,2022-02-18,2022-03-20,
전시/미술,Borderless Universe,gallerybk,서울시 용산구 대사관로 25 BK Hannam 2F-3F,이태원역,gallerybk,https://www.gallerybk.co.kr/,전체관람,무료,,,,https://culture.seoul.go.kr/cmmn/file/getImage.do?atchFileId=685c7e47ae9f48b598331db228b192fd&thumb=Y,2022-02-24,시민,2022-03-17,2022-04-14,기타
전시/미술,Re-Vitality,gallerybk,서울시 용산구 이태원로 42길 56 BK Itaewon 전관,이태원역,gallerybk,www.gallerybk.co.kr,전체관람,무료,,,,https://culture.seoul.go.kr/cmmn/file/getImage.do?atchFileId=75aa754cc4d7428593f3183f68b62e07&thumb=Y,2022-02-24,시민,2022-03-10,2022-04-07,기타
전시/미술,Restoration of Relationships,gallerybk,서울시 용산구 대사관로 25 BK Hannam 1F,이태원역,gallerybk,www.gallerybk.co.kr,전체관람,무료,,,,https://culture.seoul.go.kr/cmmn/file/getImage.do?atchFileId=0e7ed93593294467a6fc43be6dd01d47&thumb=Y,2022-02-24,시민,2022-03-11,2022-04-08,기타
클래식,브런치 콘서트<낭만드림-낭만 모차르트1>,강동아트센터 스튜디오#1,서울특별시 강동구 동남로 870(상일동),고덕역,강동문화재단,https://www.gdfac.or.kr/web/lay2/program/S1T204C211/show/view.do?show_seq=1789&cpage=1&rows=10&keyword=&place=&start_dt=&end_dt=,전체관람가,전석 10000원,,,,https://culture.seoul.go.kr/cmmn/file/getImage.do?atchFileId=465d6772bbd74978aa8370b4e9f7f9dc&thumb=Y,2022-02-23,기관,2022-04-07,2022-04-07,기타
전시/미술,화신백화점 사라진 종로의 랜드마크,공평도시유적전시관 기획전시실,"서울시 종로구 우정국로 26, 센트로폴리스 지하 1층",종각역,공평도시유적전시관,https://museum.seoul.go.kr/www/intro/annexIntro/annex_gongpyeong/annex_gongpyeong_01.jsp?sso=ok,전체,,,,,https://culture.seoul.go.kr/cmmn/file/getImage.do?atchFileId=78fff005fcc84adf8c285e364c41705a&thumb=Y,2021-07-14,기관,2021-07-23,2022-03-20,
문화교양/강좌,미디어센터 관악 <메타버스> 교육 안내,관악문화재단(온라인 오프라인),서울시 관악구 신림로 3길 35(신림동),서울대입구역,관악문화재단,https://www.gfac.or.kr/html/notify/notify1_view.html?pk=1643953285143-a8e33278-3f59-42d4-ae4f-3552547d947f,초등학교 4-6학년 성인,제페토 파헤치기 20000원 / 로블록스 게임만들고 수익화해보기 50000원,,,,https://culture.seoul.go.kr/cmmn/file/getImage.do?atchFileId=ed4bb2192d56496587b1db0254c8573c&thumb=Y,2022-02-08,기관,2022-02-04,2022-03-31,
문화교양/강좌,2022년 싱글벙글교육센터 2분기(25기)평생학습교육프로그램 수강생 모집,홈페이지 참고,서울시 관악구 신림로 3길 35(신림동),서울대입구역,관악문화재단,https://www.gfac.or.kr/html/notify/notify1_view.html?pk=1644900819690-560df75d-a71f-4957-9024-489eebca67f6,홈페이지 참고,,,,,https://culture.seoul.go.kr/cmmn/file/getImage.do?atchFileId=881d177283c54ab59a1bf23380bb83bb&thumb=Y,2022-02-21,기관,2022-03-10,2022-03-28,
전시/미술,조선의 승려 장인,국립중앙박물관 기획전시실,서울시 용산구 서빙고로 137(용산동6가 168-6),이촌역,국립중앙박물관,https://www.museum.go.kr/site/main/exhiSpecialTheme/view/current?exhiSpThemId=631858&listType=list,전체관람,성인: 5000원 (만 25세 이상 - 만 60세 미만) 청소년 및 어린이: 3000원 (만 7세 이상 - 만 25세 미만) / 무료 특별 할인에 관한 내용은 온라인 예약 홈페이지(인터파크)나 현장 발권 창구에서 확인할 수 있습니다.,,,,https://culture.seoul.go.kr/cmmn/file/getImage.do?atchFileId=5045ab2fb3264d468f7b4c4d0b67d9b2&thumb=Y,2021-12-30,시민,2021-12-07,2022-03-06,기타
전시/미술,漆 아시아를 칠하다,국립중앙박물관 특별전시실,서울시 용산구 서빙고로 137(용산동6가 168-6),이촌역,국립중앙박물관,https://www.museum.go.kr/site/main/exhiSpecialTheme/view/current?exhiSpThemId=635092&listType=list,전체관람,성인: 3000원 (만 25세 이상 - 만 60세 미만) 청소년 및 어린이: 2000원 (만 7세 이상 - 만 25세 미만) / 무료 특별 할인에 관한 내용은 온라인 예약 홈페이지(인터파크)나 현장발권 창구에서 확인할 수 있습니다.,,,,https://culture.seoul.go.kr/cmmn/file/getImage.do?atchFileId=b66f7836fd94443cb5fdb32e2095d616&thumb=Y,2021-12-30,시민,2021-12-21,2022-03-20,기타
전시/미술,MMCA 이건희컬렉션 특별전 : 한국미술명작,서울 1 전시실,서울 종로구 삼청로 30,"경복궁역,안국역",국립현대미술관,http://www.mmca.go.kr/exhibitions/exhibitionsDetail.do?exhId=202107060001450,제한 없음,,,,,https://culture.seoul.go.kr/cmmn/file/getImage.do?atchFileId=b843330a9b8b41338e5d899e7be565b2&thumb=Y,2021-07-27,기관,2021-07-21,2022-03-13,
콘서트,TikTok : 나래한바퀴 - for Woman,금천문화재단 금나래아트홀,서울 금천구 시흥대로73길 70 금천구청(보건소),금천구청역,금천문화재단,https://gcfac.or.kr/performance/commonView?gcfac_menu_cd=U0007&currRow=1&seq_no=3443&perDisGubun=performance&returnURI=%2Fperformance%2FcurrentList&serhDate=&serhPerforDisplay=&serhTitle=,만 5세 이상 관람가,전석 1만원 (할인율 상세페이지 참조),,,,https://culture.seoul.go.kr/cmmn/file/getImage.do?atchFileId=ec2f510b0c6f408796c1658fc71010b0&thumb=Y,2022-02-23,기관,2022-03-30,2022-03-30,
클래식,테너 존노 리사이틀,노원문화예술회관 대공연장,서울특별시 노원구 중계로 181,"중계역, 상계역",노원문화재단,https://science.seoul.go.kr/culture/science/read?menuId=15&progMstId=460,8세 이상,R석 40000원 A석 30000원,,<팬텀싱어3> 준우승 ‘라비던스’의 멤버인 존노가 테너로서의 정체성을 확인시켜주는 클래식과 크로스오버 레퍼토리로 꾸며지는 콘서트 리사이틀,,https://culture.seoul.go.kr/cmmn/file/getImage.do?atchFileId=946851cdace141ebb0dcdbcdd0078b0c&thumb=Y,2022-02-17,기관,2022-03-17,2022-03-17,
문화교양/강좌,노원문화재단 문화강좌 노원유스챔버오케스트라 수강생 모집,노원문화예술회관 2층 다목적룸 4층 강좌실,서울특별시 노원구 중계로 181,"중계역, 상계역",노원문화재단,https://www.nowonarts.kr/html/openspace/notice_view.php?bgu=view&bbs_data=aWR4PTM3MzAmc3RhcnRQYWdlPTAmbGlzdE5vPTY4NSZ0YWJsZT1jc19iYnNfZGF0YSZjb2RlPW5vdGljZSZzZWFyY2hfaXRlbT0mc2VhcmNoX29yZGVyPQ==||,초등학교 3학년 ~ 고등학교 2학년,12만원 (3개월),,,,https://culture.seoul.go.kr/cmmn/file/getImage.do?atchFileId=4a40f504967c4e989d571c43b6909430&thumb=Y,2022-02-23,기관,2022-02-22,2022-03-17,
전시/미술,경춘선숲길 갤러리 <노원마을 미술 탐험전 00미술관 아카이빙전>,경춘선숲길 갤러리(노원구 공릉동 29-4 화랑대 철도공원 내),서울 노원구 공릉동 29-1 화랑대철도공원 내,화랑대역,노원문화재단,https://www.nowonarts.kr/html/pe/exhibitiondetail.php?param_url=https%3A%2F%2Fwww.nowonarts.kr%2Fhtml%2Fpe%2Fexhibitioninfo.php%3F%26search_state%3D1%26skin%3D%26search_syear%3D2022%26search_smonth%3D%26search_eyear%3D2022%26search_emonth%3D%26search_order%3D%26startPage%3D0&idx=128,전 연령,,,,,https://culture.seoul.go.kr/cmmn/file/getImage.do?atchFileId=af21c1e53acb4355bfde8cf804e84c3c&thumb=Y,2022-02-28,기관,2022-02-25,2022-03-13,
전시/미술,2022 노원 지역예술가 작품전시회,상계예술마당(노원구 상계로 10길 41-7 노원순복음교회 뒤),서울 노원구 상계로10길 41-7,노원역,노원문화재단,https://www.nowonarts.kr/html/pe/exhibitiondetail.php?param_url=https%3A%2F%2Fwww.nowonarts.kr%2Fhtml%2Fpe%2Fexhibitioninfo.php%3F%26search_state%3D1%26skin%3D%26search_syear%3D2022%26search_smonth%3D%26search_eyear%3D2022%26search_emonth%3D%26search_order%3D%26startPage%3D0&idx=130,전 연령,,,,,https://culture.seoul.go.kr/cmmn/file/getImage.do?atchFileId=6e4bcdb40dea40e585daacf0b55ddfcf&thumb=Y,2022-02-28,기관,2022-02-22,2022-03-05,
무용,특별초청공연  제주도립무용단 <녹담>,노원문화예술회관 대공연장,서울특별시 노원구 중계로 181,"중계역, 상계역",노원문화재단,https://www.nowonarts.kr/html/pe/performancedetail.php?param_url=https%3A%2F%2Fwww.nowonarts.kr%2Fhtml%2Fpe%2Fperformanceinfo.php%3F%26cate%3D%26skin%3D%26search_state%3D1%26search_syear%3D%26search_smonth%3D%26search_eyear%3D%26search_emonth%3D%26search_order%3D%26search_startPage%3D&idx=249,8세 이상,전석 10000원,제주도립무용단,제주 백록담 설화를 바탕으로 제주의 특별한 소재들을 통해 자연과 역사  우리의 삶을 그려내는 작품,,https://culture.seoul.go.kr/cmmn/file/getImage.do?atchFileId=bc2d54bd7cda47f7a170ec02942681ca&thumb=Y,2022-02-17,기관,2022-03-12,2022-03-12,
뮤지컬/오페라,종이아빠,노원어린이극장,서울 노원구 노해로 502 B1,노원역,노원문화재단,https://www.nowonarts.kr/html/pe/performancedetail.php?param_url=https%3A%2F%2Fwww.nowonarts.kr%2Fhtml%2Fpe%2Fperformanceinfo.php%3F%26cate%3D%26skin%3D%26search_state%3D1%26search_syear%3D%26search_smonth%3D%26search_eyear%3D%26search_emonth%3D%26search_order%3D%26search_startPage%3D&idx=250,24개월 이상,,,,,https://culture.seoul.go.kr/cmmn/file/getImage.do?atchFileId=c3a1e8323d254d8f8531844b56142555&thumb=Y,2022-02-21,기관,2022-03-19,2022-03-20,
전시/미술,공공미술 시민아이디어 구현 문화비축기지 <모래-시간> 시민개방 ,문화비축기지,서울특별시 마포구 증산로 87,월드컵경기장역,문화비축기지,https://parks.seoul.go.kr/template/sub/culturetank.do,시민,,,,,https://culture.seoul.go.kr/cmmn/file/getImage.do?atchFileId=3220d04e4f6c4b62b5ed02e89ace7ce9&thumb=Y,2021-11-11,기관,2021-11-24,2024-11-23,기타
전시/미술,[종로문화재단 박노수미술관] 개관 8주년 기념전시 <화가의 비망록>,박노수미술관,서울 종로구 옥인1길 34,경복궁역,박노수미술관,https://www.jfac.or.kr/site/main/program/perf_exhi_list_view?pgIdx=1669,전체,어른 3000원   청소년 1800원   어린이 1200원,,종로구립 박노수미술관 개관 8주년 기념전시,,https://culture.seoul.go.kr/cmmn/file/getImage.do?atchFileId=4a58372fd6a74351834e29f8223e7ef3&thumb=Y,2022-01-05,기관,2021-10-12,2022-08-28,
콘서트,2022 봄에 내리는 젠틀레인-재즈로 듣는 로맨틱 팝 & 가요,백암아트홀,서울특별시 강남구 테헤란로 113길 7(삼성동),"삼성역,봉은사역",백암아트홀,https://tickets.interpark.com/goods/22001925,8세 이상,VIP석 55000원 R석 44000원,젠틀레인(피아노 최한글 콘트라베이스 김호철 드럼 서덕원),,,https://culture.seoul.go.kr/cmmn/file/getImage.do?atchFileId=6d88fcec1bdb4d70956233b04513bb17&thumb=Y,2022-02-23,시민,2022-04-23,2022-04-23,기타
기타,서울풍물시장 청춘1번가,서울 풍물시장,서울시 동대문구 천호대로 4길 21,신설동역,서울 풍물시장,www.pungmul.or.kr,전체 이용,무료,직원 1명 아르바이트 2명,옛날교복 무료체험 서울 6070 거리 포토존 체험 풍물미용실 풍물오락실 레코드방 청춘다방, 청춘일번가는 서울풍물시장 2층에 위치하여 1960년대 당시 서울 상점가를 재현한 테마 공간,https://culture.seoul.go.kr/cmmn/file/getImage.do?atchFileId=fe21f77519214bbea8ef82c1bb194fd5&thumb=Y,2022-02-11,기관,2022-01-01,2022-12-31,기타
기타,서울풍물시장 전통문화체험관,서울 풍물시장,서울시 동대문구 천호대로 4길 21,신설동역,서울 풍물시장,www.pungmul.or.kr,전체 이용,무료,직원 1명 아르바이트 1명, -무료프로그램 9종 -유료프로그램 17종(1000원~3000원),전통문화체험관은 서울풍물시장을 방문한 내외국인 관광객이 다양한 한국의 전통문화 소품을 간단하게 만들어 볼 수 있는 공간입니다.,https://culture.seoul.go.kr/cmmn/file/getImage.do?atchFileId=97bb5fbe549d416abacb2a0c03969233&thumb=Y,2022-02-11,기관,2022-01-01,2022-12-31,기타
전시/미술,크래프트 윈도우 #4. <공예 온색溫色>,서울공예박물관 전시3동 크래프트 윈도우,서울특별시 종로구 율곡로3길 4 (안국동),안국역,서울공예박물관,craftmuseum.seoul.go.kr,모든 시민,,,,,https://culture.seoul.go.kr/cmmn/file/getImage.do?atchFileId=657b72e1e8e94ad4ac769217d23a2d63&thumb=Y,2022-02-11,기관,2022-01-29,2022-03-13,
전시/미술,아카이브 기획전시 <한미금속공예워크숍: 참가신청 링크가 열렸습니다.>,서울공예박물관 전시2동 3층,서울특별시 종로구 율곡로3길 4 (안국동),안국역,서울공예박물관,craftmuseum.seoul.go.kr,모든 시민,,,,,https://culture.seoul.go.kr/cmmn/file/getImage.do?atchFileId=c9fa51b477db4374b32bfaa48c65ff88&thumb=Y,2022-02-11,기관,2022-02-08,2022-05-20,
전시/미술,지역공예 기획전시 <이 땅의 풀로 엮는 초경공예>,서울공예박물관 전시2동 1층,서울특별시 종로구 율곡로3길 4 (안국동),안국역,서울공예박물관,craftmuseum.seoul.go.kr,모든 시민,,,,,https://culture.seoul.go.kr/cmmn/file/getImage.do?atchFileId=d5a69617ce994d88a6ddefd3bc27f7ea&thumb=Y,2022-02-11,기관,2022-03-01,2022-08-28,
문화교양/강좌,E-book으로 동물사랑 배워요 「출동! 어린이 동물탐험대」,서울대공원 어린이동물원,경기도 과천시 대공원광장로 102(막계동),서울대공원역,서울대공원,https://grandpark.seoul.go.kr/edu/program/list/ko/S001005001002.do,유아,,,,,https://culture.seoul.go.kr/cmmn/file/getImage.do?atchFileId=76b7f131e89143ee87b3e27eb69f4673&thumb=Y,2022-02-17,기관,2022-03-05,2022-03-20,어린이/청소년 문화행사
전시/미술,공공미술 시민아이디어 구현 서울대공원 <솜사탕코끼리> 시민개방 ,서울대공원 ,경기도 과천시 대공원광장로 102(막계동),서울대공원역,서울대공원,,시민,,,,,https://culture.seoul.go.kr/cmmn/file/getImage.do?atchFileId=fd73b5bd4d6c47f793b5099f52b71a71&thumb=Y,2021-11-11,기관,2021-11-17,2026-11-16,기타
전시/미술,《다음 세대를 위한 집》,서울도시건축전시관 비움홀,서울특별시 중구 세종대로 119(태평로1가),시청역,서울도시건축전시관,https://sca.seoul.go.kr/seoulhour/site/urbanArch/exhibition/exhibitNow/581,시민 누구나,무료,,,,https://culture.seoul.go.kr/cmmn/file/getImage.do?atchFileId=df63c7edbf1e4316a429df4178ab2378&thumb=Y,2022-02-08,기관,2021-12-17,2022-03-27,기타
전시/미술,시민청 소리갤러리 전시 - 김현주?조광희 <도시-도심(心)>,시민청 소리갤러리 ,서울특별시 중구 세종대로110,시청역,서울문화재단,https://www.seoulcitizenshall.kr/?r=sch&m=program2&cate=%EC%A0%84%EC%8B%9C&mod=view&uid=2517,누구나,,,,,https://culture.seoul.go.kr/cmmn/file/getImage.do?atchFileId=c022936aeddb40b7afc715b0dd76bc80&thumb=Y,2022-02-07,기관,2022-02-10,2022-03-31,
전시/미술,[서울문화재단]  전시 / 마？소리,보안1942(통의동 보안여관) 신관1 지하 1층,서울특별시 동대문구 청계천로 517,신설동역 용두역,서울문화재단,http://www.sfac.or.kr,서울시민,무료,,예술이 장애와 기술을 만났을 때 소통하지 못하는 사회적 경계에 관한 이야기를 시각을 포함한 다른 감각으로도 번역 대체해 표현한 전시,,https://culture.seoul.go.kr/cmmn/file/getImage.do?atchFileId=44df2e99415c4ef7a800dfe6af313615&thumb=Y,2022-02-11,기관,2022-03-08,2022-03-27,기타
전시/미술,5개의 집과 30개의 문 - 상상하는 작가 안규철,1층 기획전시실,서울특별시 광진구 능동로 216(능동 18번지),어린이대공원역,서울상상나라,https://www.seoulchildrensmuseum.org,서울상상나라 입장객,입장료 4000원,,,,https://culture.seoul.go.kr/cmmn/file/getImage.do?atchFileId=e80c9a45dd4a4523b705b4f9f4fd0752&thumb=Y,2021-12-09,기관,2021-12-29,2022-10-02,어린이/청소년 문화행사
전시/미술,서울상상나라 신규전시 뿜뿜! 펀 에너지,2층 상설전시장,서울특별시 광진구 능동로 216(능동 18번지),어린이대공원역,서울상상나라,https://www.seoulchildrensmuseum.org/display/displayAll.do,서울상상나라 입장객,입장료 4000원,,,,https://culture.seoul.go.kr/cmmn/file/getImage.do?atchFileId=a13761ab56a24f9092f9b0a1dbd60f3f&thumb=Y,2021-06-09,기관,2021-10-29,2022-12-31,어린이/청소년 문화행사
문화교양/강좌,서울상상나라 돌려 돌려 바퀴 발전기,2층 연결복도,서울특별시 광진구 능동로 216(능동 18번지),어린이대공원역,서울상상나라,https://www.seoulchildrensmuseum.org/education/educationList.do?category=1,6세 이상 어린이,무료,,,,https://culture.seoul.go.kr/cmmn/file/getImage.do?atchFileId=2be73bec3cfc40ddbbbf918fb7a20198&thumb=Y,2022-02-11,기관,2022-02-08,2022-06-30,어린이/청소년 문화행사
기타,[서울새활용플라자] 탐방:새활용이야기,서울새활용플라자,서울특별시 성동구 용답동 250-14,"장한평역, 용답역",서울새활용플라자,https://booking.naver.com/booking/12/bizes/183676/items/2878037,전 연령,,,,,https://culture.seoul.go.kr/cmmn/file/getImage.do?atchFileId=f81ed29c1c854c55887e6eb81bae05e6&thumb=Y,2022-02-15,기관,2022-03-01,2022-03-31,
전시/미술,2021 시민예술가 전시지원사업 <예술일지> 별도신청,서울생활문화센터 서교 로비,서울 마포구 양화로 72,합정역,서울생활문화센터 서교,https://seogyocenter.or.kr/programnow/?idx=181,전 연령,,,,,https://culture.seoul.go.kr/cmmn/file/getImage.do?atchFileId=28678a8021624229b88101322fcd62e7&thumb=Y,2022-01-11,기관,2021-12-21,2022-03-30,
전시/미술,제1회 체부동 생활문화전시회 <내 생애 첫 작품展> 전시 안내,서울생활문화센터 체부 윈도우 갤러리,서울특별시 종로구 자하문로 1 나길 3-2,경복궁역,서울생활문화센터 체부,http://www.ccasc.or.kr/bbs/notice_view.php?idx=132&page=1,누구나,,,,,https://culture.seoul.go.kr/cmmn/file/getImage.do?atchFileId=6f8f2794fb7c4bbfa8e4aff25d63b326&thumb=Y,2022-02-14,기관,2022-02-08,2022-04-17,
전시/미술,서울 멋쟁이,서울생활사박물관 4층 기획전시실,서울특별시 노원구 동일로 174길 27,태릉입구역,서울생활사박물관,https://museum.seoul.go.kr/sulm/board/NR_boardList.do?bbsCd=1002,모두,,,,,https://culture.seoul.go.kr/cmmn/file/getImage.do?atchFileId=3244c05cddc4434c8b5d4d1be5747a55&thumb=Y,2021-10-12,기관,2021-11-19,2022-03-27,
전시/미술,《빛: 영국 테이트미술관 특별전》,서울시립 북서울미술관,서울시 노원구 동일로 1238 (중계동),"하계역, 중계역",서울시립 북서울미술관,https://sema.seoul.go.kr/kr/whatson/exhibition/detail?exNo=573394&acadmyEeNo=0&evtNo=0&glolangType=KOR,전체관람 ,일반 만 24세 초과 ~ 만 65세 미만 : 15000원 / 청소년 만 12세 초과 ~ 만 24세 : 12000원 / 어린이 만 6세초과 ~ 만 12세 : 9000원 / 전시예매 : 인터파크 / 특별 할인과 무료 입장 대상자에 관한 자세한 내용은 홈페이지 참조,,,,https://culture.seoul.go.kr/cmmn/file/getImage.do?atchFileId=77e1fdca64cb456fa6e4e4efaf77e736&thumb=Y,2021-12-01,기관,2021-12-21,2022-05-08,기타
전시/미술,[전시회] 5th 자연을 담은 생태화 작품전시회,서울시립과학관 2층 누구나 갤러리,서울특별시 노원구 한글 비석로 160,중계역.하계역,서울시립과학관,https://science.seoul.go.kr/culture/science/read?menuId=15&progMstId=459,누구나,,,,,https://culture.seoul.go.kr/cmmn/file/getImage.do?atchFileId=0e9b31101b174a6a92102cb1fc0a61c3&thumb=Y,2022-01-25,기관,2022-01-04,2022-06-30,
전시/미술,비대면 주제해설 과학관QR옴니버스,서울시립과학관,서울특별시 노원구 한글 비석로 160,중계역.하계역,서울시립과학관,https://science.seoul.go.kr/board/normal/read?menuId=21&bbsId=1&searchBbsCd=normal&searchSeq=664&curPage=1&searchType=title&searchWord=,누구나,,,비대면 시대를 맞아 해설사도 만나고 내가 듣고 싶은 해설도 골라듣고 안전하게 관람도 하고 일석삼조의 기회!!!,,https://culture.seoul.go.kr/cmmn/file/getImage.do?atchFileId=6cf76404b5184b31b69b174c0dd3bd4f&thumb=Y,2021-06-11,기관,2021-05-21,2023-12-31,기타
문화교양/강좌,[성인] 내 손으로 그리는 과학관 생태교구,온/오프라인(온라인:메타버스 ZOOM/오프라인: 서울시립과학관 1교육실,,,서울시립과학관,https://science.seoul.go.kr/program/science/read?menuId=14&progMstId=451,성인,8강좌 통합 30000원(꾸러미 미포함) 60000원(꾸러미 포함),,,,https://culture.seoul.go.kr/cmmn/file/getImage.do?atchFileId=044f25f849914b11a36f2a4f4cd4b529&thumb=Y,2021-12-22,기관,2022-01-20,2022-03-17,기타
전시/미술,라운지 프로젝트,서울시립 북서울미술관,서울시 노원구 동일로 1238 (중계동),"하계역, 중계역",서울시립미술관,https://sema.seoul.go.kr/kr/whatson/exhibition/detail,누구나,,,,,https://culture.seoul.go.kr/cmmn/file/getImage.do?atchFileId=ae2ff4fe07e344a49ba3a6f0c069c19a&thumb=Y,2022-01-25,기관,2021-12-21,2022-05-08,
전시/미술,먼길 이야기,서울시립 북서울미술관 B1 어린이 갤러리,서울시 노원구 동일로 1238 (중계동),"하계역, 중계역",서울시립미술관,https://sema.seoul.go.kr/kr/whatson/exhibition/detail?exNo=573394&acadmyEeNo=0&evtNo=0&glolangType=KOR,누구나,,,,,https://culture.seoul.go.kr/cmmn/file/getImage.do?atchFileId=a26ffb6676a344c9b14a9f1e5ff9355f&thumb=Y,2022-01-25,기관,2021-10-05,2022-06-19,
전시/미술,<<경로를 재탐색합니다 UN/LEARNING AUSTRALIA>>,서울시립미술관 서소문 본관,서울시 중구 덕수궁길 61(서소문동),시청역,서울시립미술관,https://sema.seoul.go.kr/kr/whatson/exhibition/detail?exNo=665372&acadmyEeNo=0&evtNo=0&glolangType=KOR,시민,,,,,https://culture.seoul.go.kr/cmmn/file/getImage.do?atchFileId=af6f9985699f4f26b01d800c690d8f7a&thumb=Y,2021-12-21,시민,2021-12-14,2022-03-06,
전시/미술,서울시립미술관 권진규탄생100주년기념 《노실의천사》,서울시립미술관 서소문본관,서울시 중구 덕수궁길 61(서소문동),시청역,서울시립미술관,https://sema.seoul.go.kr/kr/whatson/landing,전연령,,,,,https://culture.seoul.go.kr/cmmn/file/getImage.do?atchFileId=8557b253e3664903b35019ce1ccc7248&thumb=Y,2022-02-10,기관,2022-03-24,2022-05-22,
전시/미술,서울시립미술관 《성찬경 : 청금루 주인》,서울시립미술관 남서울미술관,서울시 관악구 남부순환로 2076 (남현동),사당역,서울시립미술관,https://sema.seoul.go.kr/kr/whatson/landing,전연령,,,,,https://culture.seoul.go.kr/cmmn/file/getImage.do?atchFileId=775b237d15f7492ab87cb234e75f993a&thumb=Y,2022-02-10,기관,2022-03-24,2022-05-29,기타
문화교양/강좌,2022년 우리 가족 박물관 여행(주말),서울역사박물관,서울특별시 종로구 새문안로 55 서울역사박물관,광화문역,서울역사박물관,https://museum.seoul.go.kr/www/board/NR_boardList.do?bbsCd=1005&categoryVal=,초등학생 가족,,,,,https://culture.seoul.go.kr/cmmn/file/getImage.do?atchFileId=7db36210c0cf4b6f9a0b490fe02e663f&thumb=Y,2022-02-11,기관,2022-03-05,2022-06-11,
문화교양/강좌,제 30기 중학생 인턴제 ,서울역사박물관 2학습실 줌(Zoom),서울특별시 종로구 새문안로 55 서울역사박물관,광화문역,서울역사박물관,https://museum.seoul.go.kr/www/board/NR_boardList.do?bbsCd=1005&categoryVal=&sso=ok,청소년 ,,,,,https://culture.seoul.go.kr/cmmn/file/getImage.do?atchFileId=4abaf4ee155340f7b30a267f8c2c2fb2&thumb=Y,2022-01-10,기관,2022-02-19,2022-03-12,
문화교양/강좌,서울역사박물관대학 ,서울역사박물관 홈페이지 ,서울특별시 종로구 새문안로 55 서울역사박물관,광화문역,서울역사박물관,https://museum.seoul.go.kr/www/board/NR_boardView.do,성인,,,,,https://culture.seoul.go.kr/cmmn/file/getImage.do?atchFileId=cad44d27773142b0a1f1146194a7d6e2&thumb=Y,2022-01-10,기관,2022-01-01,2022-12-21,
문화교양/강좌,[가족] 2022년 상반기 우리가족 박물관 여행 교육생 모집,서울역사박물관 1학습실,서울특별시 종로구 새문안로 55 서울역사박물관,광화문역,서울역사박물관,https://museum.seoul.go.kr/www/board/NR_boardView.do?sso=ok,초등학교(3~6학년) 자녀를 둔 가족 (미취학 1~2학년 초등학생 중고생 동반 불가),,,,,https://culture.seoul.go.kr/cmmn/file/getImage.do?atchFileId=e71f14e3e6104f3d9550188c2331d4de&thumb=Y,2022-02-24,기관,2022-02-21,2022-06-10,
문화교양/강좌,SEMU-YEOL LECTURE,서울역사박물관 홈페이지 / 서울역사박물관 유튜브 채널,서울특별시 종로구 새문안로 55 서울역사박물관,광화문역,서울역사박물관,https://museum.seoul.go.kr/www/board/NR_boardView.do?sso=ok,국내외 거주 외국인 및 교포 해외에 서울을 알리고자 하는 시민,,,,,https://culture.seoul.go.kr/cmmn/file/getImage.do?atchFileId=1e8205a32b174811845c47e5d02e56a2&thumb=Y,2022-02-11,기관,2021-11-12,2022-10-31,
문화교양/강좌,2022 Visit Museum Enjoy Seoul!,줌(Zoom),서울특별시 종로구 새문안로 55 서울역사박물관,광화문역,서울역사박물관,https://museum.seoul.go.kr/www/board/NR_boardView.do?sso=ok,외국인 단체 대상,,,,,https://culture.seoul.go.kr/cmmn/file/getImage.do?atchFileId=78c928371793411faff597b3dc45eacf&thumb=Y,2022-02-11,기관,2022-02-21,2022-11-30,
전시/미술,[경교장 작은전시] '임시정부 첫 국무위원회 경교장에서 열리다' 개최,경교장(서울시 종로구 새문안로 29 강북삼성병원 내),서울시 종로구 새문안로 29 강북삼성병원 내,서대문역,서울역사박물관,https://museum.seoul.go.kr/www/intro/annexIntro/annex_21/annex_21_01.jsp,총 30명 이용 가능 - 서울시 공공예약 사전접수자(20명) 현장접수(10명) (※코로나 백신 접종완료자 PCR 음성확인자 예외자만 가능),무료,,,,https://culture.seoul.go.kr/cmmn/file/getImage.do?atchFileId=e16befa6396b4fa39617e1861db1f9d8&thumb=Y,2021-12-15,기관,2021-12-03,2022-04-24,기타
문화교양/강좌,[서울로 수학여행] 서울 역사의 길 종로탐험,학급 교실,서울특별시 종로구 새문안로 55 서울역사박물관,광화문역,서울역사박물관,https://www.facebook.com/seoulmuseum.korea,도서?벽지 초등학교 학급 단체(3~6학년 권장),,,,,https://culture.seoul.go.kr/cmmn/file/getImage.do?atchFileId=7037f3a2c2e942dfafadc8994f2a5ba4&thumb=Y,2022-02-28,기관,2022-04-14,2022-04-28,
문화교양/강좌,제 32기 고등학생 인턴제 ,서울역사박물관 1학습실 줌(Zoom),서울특별시 종로구 새문안로 55 서울역사박물관,광화문역,서울역사박물관,,청소년 ,무료,,,,https://culture.seoul.go.kr/cmmn/file/getImage.do?atchFileId=a0e62f4f5d6346d5b305bbfa868f45c7&thumb=Y,2022-01-10,기관,2022-02-12,2022-03-05,
전시/미술,강병기 교수 기증유물특별전 '어느 도시학자가 꿈 꾼 서울',서울역사박물관 기획전시실B,서울특별시 종로구 새문안로 55 서울역사박물관,광화문역,서울역사박물관,,전체,,,,,https://culture.seoul.go.kr/cmmn/file/getImage.do?atchFileId=54fbbca4f7bd4bf9921fbb61c4ec50f7&thumb=Y,2021-10-20,기관,2021-10-29,2022-03-06,
전시/미술,한양의 상징대로 육조거리,서울역사박물관 1층 기획전시실,서울특별시 종로구 새문안로 55 서울역사박물관,광화문역,서울역사박물관,,전체,,,,,https://culture.seoul.go.kr/cmmn/file/getImage.do?atchFileId=875cc054457c451b957d2d6dc6ad7076&thumb=Y,2021-11-18,기관,2021-11-16,2022-03-27,
문화교양/강좌,미생물 : 관찰과 배양,서울하수도과학관 2층 교육실,서울특별시 성동구 자동차시장3길 64,"장한평역, 용답역",서울하수도과학관,http://sssmuseum.org,초등학생 3학년 이상,,,,,https://culture.seoul.go.kr/cmmn/file/getImage.do?atchFileId=5e68911f02cf4509aacdb42a4249cf7f&thumb=Y,2022-02-14,기관,2022-03-05,2022-03-26,
문화교양/강좌,하수도 온앤오프,zoom 온라인수업,서울특별시 성동구 자동차시장3길 64,"장한평역, 용답역",서울하수도과학관,http://sssmuseum.org,미취학아동~초등학생 저학년,,,,,https://culture.seoul.go.kr/cmmn/file/getImage.do?atchFileId=07d1c92290fb4f428eb74b37f28bc8a8&thumb=Y,2022-02-14,기관,2022-03-03,2022-03-31,
전시/미술,서리풀 休 갤러리 <산의 비밀> 김태민 개인전,심산문화센터 서리풀 休 갤러리,"서울특별시 서초구 사평대로 55, 1층",구반포역,서초문화재단,https://www.seochocf.or.kr/site/main/seocho/show/view?show_idx=415,전체,,,,,https://culture.seoul.go.kr/cmmn/file/getImage.do?atchFileId=0963daffb4d54ac7a94299fbdd01831c&thumb=Y,2022-02-16,기관,2022-01-27,2022-03-25,
전시/미술,서리풀청년아트갤러리 <어떤 순간의 작은 픽셀>,서리풀청년아트갤러리,서울 서초구 남부순환로323길 1,남부터미널역,서초문화재단,https://www.seochocf.or.kr/site/main/seocho/show/view?show_idx=416,전체,,,,,https://culture.seoul.go.kr/cmmn/file/getImage.do?atchFileId=ab495fd914d2468aa79818f8405d05bb&thumb=Y,2022-02-16,기관,2022-02-08,2022-03-05,
연극,1919 필라델피아,성수아트홀,서울 성동구 뚝섬로1길 43,뚝섬역,성동문화재단,https://www.sdfac.or.kr/kor/sdfac/performance/plan_view.do?p_idx=656&page=1&p_kind=&s_idx=&s_keyword=#none,만 7세 이상,5만원 3만원,,,,https://culture.seoul.go.kr/cmmn/file/getImage.do?atchFileId=211700604d824608b9e1ef676284d06d&thumb=Y,2022-02-23,기관,2022-03-05,2022-03-06,
무용,안무가전 TANZ ARGUMENT,성수아트홀,서울 성동구 뚝섬로1길 43,뚝섬역,성동문화재단,https://www.sdfac.or.kr/kor/sdfac/performance/plan_view.do?p_idx=660&page=1&p_kind=&s_idx=&s_keyword=,홈페이지 참고,홈페이지 참고,,,,https://culture.seoul.go.kr/cmmn/file/getImage.do?atchFileId=18a7b06e25f1492d9b5ccb6b9b583033&thumb=Y,2022-02-21,기관,2022-03-11,2022-03-12,
전시/미술,칸딘스키 말레비치 & 러시아 아방가르드 : 혁명의 예술展,세종문화회관 미술관,서울특별시 종로구 세종대로 175 (세종로),"경복궁역, 광화문역",세종문화회관,https://www.sejongpac.or.kr/portal/performance/exhibit/list.do?menuNo=200005,만4세 이상,관 람 료: 성인 20000/ 청소년 15000원/ 어린이 13000원,칸딘스키 말레비치 등 러시아 아방가르드 작가 49인,,,https://culture.seoul.go.kr/cmmn/file/getImage.do?atchFileId=20a22d1ab43e458b9de77b8bebeadce8&thumb=Y,2021-11-15,시민,2021-12-31,2022-04-17,기타
전시/미술,프랑스 국립 자연사박물관 특별전 - 바다미지로의탐험,꿈의숲 상상톡톡미술관,서울 강북구 월계로 173,미아사거리역,세종문화회관,https://www.sejongpac.or.kr/portal/performance/exhibit/view.do?performIdx=32288&menuNo=200005&sdate=2021-10-14&edate=2021-11-14&pageIndex=1,전체 관람가 ,대인 (중학생이상~) 입장권 : 12000원 소인 (만 36개월~ 초등학생) 입장권 : 15000원,,,,https://culture.seoul.go.kr/cmmn/file/getImage.do?atchFileId=0486dfd544ba4788b5817e1e201c0ae4&thumb=Y,2021-10-14,기관,2021-09-25,2022-03-06,
뮤지컬/오페라,가족뮤지컬 <슈퍼클로젯>,세종M씨어터,서울특별시 종로구 세종대로 175 (세종로),"경복궁역, 광화문역",세종문화회관,https://www.sejongpac.or.kr/portal/performance/performance/view.do?performIdx=32653&menuNo=200004&sdate=2022-01-07&searchWrd=&searchSort=1&searchCnd=&searchPlaceCdStr=&edate=2022-02-07&searchGenreCdStr=&searchPackage=&pageIndex=1,36개월이상 ,VIP석 70000원 R석 50000원 S석 30000원,,,* 2월1일 2월2일(설날연휴/화수) 3월1일(삼일절/화) 3월9일(대통령선거일/수) : 11시 14시,https://culture.seoul.go.kr/cmmn/file/getImage.do?atchFileId=d386318db41b4606b934c4ce8a4ae4eb&thumb=Y,2022-01-07,기관,2022-01-08,2022-03-20,
뮤지컬/오페라,뮤지컬 <엑스칼리버>,세종대극장,서울특별시 종로구 세종대로 175 (세종로),"경복궁역, 광화문역",세종문화회관,https://www.sejongpac.or.kr/portal/performance/performance/view.do?performIdx=32750&menuNo=200004&sdate=2022-01-10&searchWrd=&searchSort=1&searchCnd=&searchPlaceCdStr=&edate=2022-02-10&searchGenreCdStr=&searchPackage=&pageIndex=3,8세 이상,VIP석 150000원 ㅣ VIP가변석 150000원 R석 130000원 ㅣ R가변석 130000원 S석 100000원 ㅣ S가변석 100000원 A석 80000원 ㅣ A가변석 80000원 B석 60000원 ㅣ B가변석 60000원 ,,,,https://culture.seoul.go.kr/cmmn/file/getImage.do?atchFileId=39aa2a987c144d6d8166f51f9b45c915&thumb=Y,2022-01-10,기관,2022-01-29,2022-03-13,
콘서트,2022 트리오 바스 콘서트,세종체임버홀,서울특별시 종로구 세종대로 175 (세종로),"경복궁역, 광화문역",세종문화회관,https://www.sejongpac.or.kr/portal/performance/performance/view.do?performIdx=32854&menuNo=200004&sdate=2022-02-24&searchSort=2&searchPlaceCdStr=&edate=2022-03-24&searchGenreCdStr=&pageIndex=2,초등학생 이상 관람,전석 20000원,,,,https://culture.seoul.go.kr/cmmn/file/getImage.do?atchFileId=e821749f8a7641778467d558ffaa139f&thumb=Y,2022-02-24,기관,2022-03-03,2022-03-03,
뮤지컬/오페라,뮤지컬 <프리다>: The Last Night Show,세종S씨어터,서울특별시 종로구 세종대로 175 (세종로),"경복궁역, 광화문역",세종문화회관,https://www.sejongpac.or.kr/portal/performance/performance/view.do?performIdx=32867&menuNo=200004&sdate=2022-02-24&searchSort=2&searchPlaceCdStr=&edate=2022-03-24&searchGenreCdStr=&pageIndex=1,14세이상 관람 가능 (2009년 12월 31일 출생자까지),R석 80000원 S석 70000원,,,,https://culture.seoul.go.kr/cmmn/file/getImage.do?atchFileId=664e21afc62a43bb8a24e47f8bf44381&thumb=Y,2022-02-24,기관,2022-03-01,2022-05-29,
독주/독창회,권효진 귀국 피아노 독주회,세종체임버홀,서울특별시 종로구 세종대로 175 (세종로),"경복궁역, 광화문역",세종문화회관,https://www.sejongpac.or.kr/portal/performance/performance/view.do?performIdx=32868&menuNo=200004&sdate=2022-02-24&searchSort=2&searchPlaceCdStr=&edate=2022-03-24&searchGenreCdStr=&pageIndex=2,만 7세이상 입장가능,전석 20000원 ,,,,https://culture.seoul.go.kr/cmmn/file/getImage.do?atchFileId=e7c0057bb43a4ffca8608de48f52728e&thumb=Y,2022-02-24,기관,2022-03-15,2022-03-15,
독주/독창회,신수정 피아노 독주회,세종체임버홀,서울특별시 종로구 세종대로 175 (세종로),"경복궁역, 광화문역",세종문화회관,https://www.sejongpac.or.kr/portal/performance/performance/view.do?performIdx=32887&menuNo=200004&sdate=2022-02-23&searchWrd=&searchSort=1&searchCnd=&searchPlaceCdStr=&edate=2022-03-23&searchGenreCdStr=&searchPackage=&pageIndex=3,미취학아동 입장불가,전석 20000원,,,,https://culture.seoul.go.kr/cmmn/file/getImage.do?atchFileId=e3ecb5d0dec34ef79d3e8af14a3ac70a&thumb=Y,2022-02-25,기관,2022-03-09,2022-03-09,
콘서트,톤픽쳐 토크콘서트,꿈의숲 콘서트홀,서울 강북구 월계로 173,미아사거리역,세종문화회관,https://www.sejongpac.or.kr/portal/performance/performance/view.do?performIdx=32896&menuNo=200004&sdate=2022-02-24&searchSort=2&searchPlaceCdStr=&edate=2022-03-24&searchGenreCdStr=&pageIndex=1,미취학아동 입장불가 ,전석 10000원,,,,https://culture.seoul.go.kr/cmmn/file/getImage.do?atchFileId=3eaedbf9c8d74a458387872345b23694&thumb=Y,2022-02-24,기관,2022-03-05,2022-03-05,
클래식,음악 소울넘버를 만나다,꿈의숲 콘서트홀,서울 강북구 월계로 173,미아사거리역,세종문화회관,https://www.sejongpac.or.kr/portal/performance/performance/view.do?performIdx=32898&menuNo=200004&sdate=2022-02-24&searchSort=2&searchPlaceCdStr=&edate=2022-03-24&searchGenreCdStr=&pageIndex=2,미취학아동 입장불가 ,전석 20000원,,,,https://culture.seoul.go.kr/cmmn/file/getImage.do?atchFileId=cb38c94980af48718cf9c84a1661446c&thumb=Y,2022-02-24,기관,2022-03-06,2022-03-06,
독주/독창회,김아름 피아노 독주회,세종체임버홀,서울특별시 종로구 세종대로 175 (세종로),"경복궁역, 광화문역",세종문화회관,https://www.sejongpac.or.kr/portal/performance/performance/view.do?performIdx=32902&menuNo=200004&sdate=2022-02-23&searchWrd=&searchSort=1&searchCnd=&searchPlaceCdStr=&edate=2022-03-23&searchGenreCdStr=&searchPackage=&pageIndex=4,만 7세 이상 입장,전석 20000원 ,,,,https://culture.seoul.go.kr/cmmn/file/getImage.do?atchFileId=8b344606944642ceb6126918b03b960e&thumb=Y,2022-02-25,기관,2022-03-12,2022-03-12,
독주/독창회,소프라노 김지영 독창회,세종체임버홀,서울특별시 종로구 세종대로 175 (세종로),"경복궁역, 광화문역",세종문화회관,https://www.sejongpac.or.kr/portal/performance/performance/view.do?performIdx=32903&menuNo=200004&sdate=2022-02-23&searchWrd=&searchSort=1&searchCnd=&searchPlaceCdStr=&edate=2022-03-23&searchGenreCdStr=&searchPackage=&pageIndex=2,8세이상 입장가능,전석 20000원,,,,https://culture.seoul.go.kr/cmmn/file/getImage.do?atchFileId=ff52847ea4b942e18ec0b7dd8f196d03&thumb=Y,2022-02-25,기관,2022-03-04,2022-03-04,
독주/독창회,이동욱 호른 독주회,세종체임버홀,서울특별시 종로구 세종대로 175 (세종로),"경복궁역, 광화문역",세종문화회관,https://www.sejongpac.or.kr/portal/performance/performance/view.do?performIdx=32905&menuNo=200004&sdate=2022-02-23&searchWrd=&searchSort=1&searchCnd=&searchPlaceCdStr=&edate=2022-03-23&searchGenreCdStr=&searchPackage=&pageIndex=3,미취학아동 입장불가,전석 20000원,,,,https://culture.seoul.go.kr/cmmn/file/getImage.do?atchFileId=7f925c1fbc8f4b9dbb47e910b2cfca0e&thumb=Y,2022-02-25,기관,2022-03-06,2022-03-06,
클래식,피아노 앙상블 S,꿈의숲 콘서트홀,서울 강북구 월계로 173,미아사거리역,세종문화회관,https://www.sejongpac.or.kr/portal/performance/performance/view.do?performIdx=32909&menuNo=200004&sdate=2022-02-23&searchWrd=&searchSort=1&searchCnd=&searchPlaceCdStr=&edate=2022-03-23&searchGenreCdStr=&searchPackage=&pageIndex=3,전체관람가 ,전석 20000원 ,,,,https://culture.seoul.go.kr/cmmn/file/getImage.do?atchFileId=1fa2bced222f48ee95dd0ca22f7053cc&thumb=Y,2022-02-25,기관,2022-03-08,2022-03-08,
뮤지컬/오페라, 핑크퐁 별나라 재즈 여행 - 북서울,꿈의숲 퍼포먼스홀,서울 강북구 월계로 173,미아사거리역,세종문화회관,https://www.sejongpac.or.kr/portal/performance/performance/view.do?performIdx=32913&menuNo=200004&sdate=2022-02-23&searchWrd=&searchSort=1&searchCnd=&searchPlaceCdStr=&edate=2022-03-23&searchGenreCdStr=&searchPackage=&pageIndex=4,전체관람가 ,55000원 ,,,,https://culture.seoul.go.kr/cmmn/file/getImage.do?atchFileId=53e2f4268a504b8cb2e496e7555747a9&thumb=Y,2022-02-25,기관,2022-03-19,2022-03-19,
클래식,트리오 아티스트리 제3회 정기연주회,세종체임버홀,서울특별시 종로구 세종대로 175 (세종로),"경복궁역, 광화문역",세종문화회관,https://www.sejongpac.or.kr/portal/performance/performance/view.do?performIdx=32926&menuNo=200004&sdate=2022-02-24&searchSort=2&searchPlaceCdStr=&edate=2022-03-24&searchGenreCdStr=&pageIndex=1,만 7세 이상 관람 가능,전석 30000원,,,,https://culture.seoul.go.kr/cmmn/file/getImage.do?atchFileId=b45759fb82ef4788b1ca96b3e92ba118&thumb=Y,2022-02-24,기관,2022-03-05,2022-03-05,
독주/독창회,트럼펫터 노민호의 봄의향연,세종체임버홀,서울특별시 종로구 세종대로 175 (세종로),"경복궁역, 광화문역",세종문화회관,https://www.sejongpac.or.kr/portal/performance/performance/view.do?performIdx=32933&menuNo=200004&sdate=2022-02-23&searchWrd=&searchSort=1&searchCnd=&searchPlaceCdStr=&edate=2022-03-23&searchGenreCdStr=&searchPackage=&pageIndex=5,만 7세 이상,전석 20000원,,,,https://culture.seoul.go.kr/cmmn/file/getImage.do?atchFileId=8b1dc74204994ecda5dfc17753bc4fc4&thumb=Y,2022-02-28,기관,2022-03-19,2022-03-19,
클래식,김상원 김지나 피아노 듀오 리사이틀,세종체임버홀,서울특별시 종로구 세종대로 175 (세종로),"경복궁역, 광화문역",세종문화회관,https://www.sejongpac.or.kr/portal/performance/performance/view.do?performIdx=32934&menuNo=200004&sdate=2022-02-24&searchSort=2&searchPlaceCdStr=&edate=2022-03-24&searchGenreCdStr=&pageIndex=2,미취학아동 입장불가 ,전석 20000원,,,,https://culture.seoul.go.kr/cmmn/file/getImage.do?atchFileId=347c30db4d2e4d1c9d0afb02cd6737cc&thumb=Y,2022-02-24,기관,2022-03-08,2022-03-08,
독주/독창회,김남중 비올라 독주회-활이 춤춘다 VI,세종체임버홀,서울특별시 종로구 세종대로 175 (세종로),"경복궁역, 광화문역",세종문화회관,https://www.sejongpac.or.kr/portal/performance/performance/view.do?performIdx=32935&menuNo=200004&sdate=2022-02-24&searchSort=2&searchPlaceCdStr=&edate=2022-03-24&searchGenreCdStr=&pageIndex=2,미취학아동 입장불가 ,R석 70000원 S석 50000원 A석 30000원,,,,https://culture.seoul.go.kr/cmmn/file/getImage.do?atchFileId=52c3ad9ab82a4bd6992ba0524f99f8db&thumb=Y,2022-02-24,기관,2022-03-10,2022-03-10,
국악,판소리 레미제라블 ＜구구선 사람들＞,꿈의숲 퍼포먼스홀,서울 강북구 월계로 173,미아사거리역,세종문화회관,https://www.sejongpac.or.kr/portal/performance/performance/view.do?performIdx=32936&menuNo=200004&sdate=2022-02-24&searchSort=2&searchPlaceCdStr=&edate=2022-03-24&searchGenreCdStr=&pageIndex=1,만 13세 이상관람,전석 30000원,,,,https://culture.seoul.go.kr/cmmn/file/getImage.do?atchFileId=05fe082236a84491a8fc9d0b6b95e6fb&thumb=Y,2022-02-24,기관,2022-03-10,2022-03-11,
독주/독창회,양혜순 비올라 독주회,세종체임버홀,서울특별시 종로구 세종대로 175 (세종로),"경복궁역, 광화문역",세종문화회관,https://www.sejongpac.or.kr/portal/performance/performance/view.do?performIdx=32938&menuNo=200004&sdate=2022-02-23&searchWrd=&searchSort=1&searchCnd=&searchPlaceCdStr=&edate=2022-03-23&searchGenreCdStr=&searchPackage=&pageIndex=5,미취학아동입장불가,전석 20000원,,,,https://culture.seoul.go.kr/cmmn/file/getImage.do?atchFileId=8b72700aa88c4972bf33e215982c1d94&thumb=Y,2022-02-28,기관,2022-03-22,2022-03-22,
연극,연극 ＜불가불가＞,세종M시어,서울특별시 종로구 세종대로 175 (세종로),"경복궁역, 광화문역",세종문화회관,https://www.sejongpac.or.kr/portal/performance/performance/view.do?performIdx=32953&menuNo=200004&sdate=2022-02-23&searchWrd=%EB%B6%88%EA%B0%80&searchSort=1&searchCnd=1&edate=2022-04-30&searchPackage=&searchGenreCdStr=&searchPlaceCdStr=&pageIndex=1,만 13세 이상 관람가 (중학생 이상 관람가),R석 55000원 / S석 40000원 / A석 30000원,,,,https://culture.seoul.go.kr/cmmn/file/getImage.do?atchFileId=cca912d1ff9e4f588b1540b605ff4d5d&thumb=Y,2022-02-23,기관,2022-03-26,2022-04-10,
독주/독창회,임진영 피아노 독주회,세종체임버홀,서울특별시 종로구 세종대로 175 (세종로),"경복궁역, 광화문역",세종문화회관,https://www.sejongpac.or.kr/portal/performance/performance/view.do?performIdx=32957&menuNo=200004&sdate=2022-02-23&searchWrd=&searchSort=1&searchCnd=&searchPlaceCdStr=&edate=2022-03-23&searchGenreCdStr=&searchPackage=&pageIndex=3,만 7세 이상 ,전석 20000원  ,,,,https://culture.seoul.go.kr/cmmn/file/getImage.do?atchFileId=f66eedef3657487484282670b81c9836&thumb=Y,2022-02-25,기관,2022-03-11,2022-03-11,
독주/독창회,베이스 장영근 독창회,세종체임버홀,서울특별시 종로구 세종대로 175 (세종로),"경복궁역, 광화문역",세종문화회관,https://www.sejongpac.or.kr/portal/performance/performance/view.do?performIdx=32962&menuNo=200004&sdate=2022-02-23&searchWrd=&searchSort=1&searchCnd=&searchPlaceCdStr=&edate=2022-03-23&searchGenreCdStr=&searchPackage=&pageIndex=4,만 7세 이상 관람 가능 ,전석 30000원,,,,https://culture.seoul.go.kr/cmmn/file/getImage.do?atchFileId=604d73fb75bf4e74b9334e0d8154b552&thumb=Y,2022-02-25,기관,2022-03-13,2022-03-13,
독주/독창회,장문영 바이올린 독주회,세종체임버홀,서울특별시 종로구 세종대로 175 (세종로),"경복궁역, 광화문역",세종문화회관,https://www.sejongpac.or.kr/portal/performance/performance/view.do?performIdx=32964&menuNo=200004&sdate=2022-02-24&searchSort=2&searchPlaceCdStr=&edate=2022-03-24&searchGenreCdStr=&pageIndex=2,미취학아동 입장불가,전석 20000원,,,,https://culture.seoul.go.kr/cmmn/file/getImage.do?atchFileId=d57ff34e3b2743529b24c42cf9846378&thumb=Y,2022-02-24,기관,2022-03-20,2022-03-20,
문화교양/강좌,2022 상반기 세종예술아카데미 예술교양강좌 <뽐나는 클래스>,세종예술아카데미,세종예술아카데미 (서울특별시 종로구 세종대로 175 (세종로),"경복궁역, 광화문역",세종예술아카데미,http://academy.sejongpac.or.kr,문화예술 교양을 쌓고자 하는 누구나,강좌별 상이,,,,https://culture.seoul.go.kr/cmmn/file/getImage.do?atchFileId=af7414944c7b4a8fa8e82790a9566afc&thumb=Y,2022-02-10,기관,2022-03-14,2022-06-09,기타
콘서트,2022 인문학콘서트Ⅰ-영화의 모든 것,평촌아트홀,경기 안양시 동안구 평촌대로 76 평촌아트홀,"범계역,평촌역",안양문화예술재단 홈페이지,https://www.ayac.or.kr/base/ayac/performance/read?performanceNo=2626&menuLevel=2&menuNo=1&year=2022&month=4&currentDate=1,만 7세 이상 관람 가능,전석 10000원,영화평론가 이동진 아나운서 신지혜,영화를 주제로 토크와 음악을 만나는 시간. 섬세한 시선의 독보적인 문장가 영화평론가 이동진의 눈으로 보는 영화의 모든 것,2022 평촌아트홀 인문학 콘서트Ⅰ,https://culture.seoul.go.kr/cmmn/file/getImage.do?atchFileId=1bcb346254b744769e546e4098f38d21&thumb=Y,2022-02-25,기관,2022-04-07,2022-04-07,기타
연극,갈산문화예술센터 개관 기념 어린이 넌버벌 공연 〈네네네〉,갈산문화예술센터,서울 양천구 신정동 1325-3,양천구청역,양천문화재단,https://yfac.kr/main/site/ticket/page1.do?proc_type=view&tidx=64&prepage=%2Fmain%2Fsite%2Fticket%2Fpage1.do,36개월 이상 관람,전석 2만원,,,,https://culture.seoul.go.kr/cmmn/file/getImage.do?atchFileId=bdaba5e5a27a4aae954076f726398350&thumb=Y,2022-02-23,기관,2022-03-12,2022-03-13,
클래식,2022 서울시향 오스모 벤스케의 수수께끼 변주곡,예술의전당 콘서트홀,서울 서초구 남부순환로 2406,남부터미널역,예술의전당,https://seoulphil.or.kr/perf/calView?perfNo=4665&langCd=ko&menuFlag=MFLG0001,홈페이지 참고,R 90000 S 70000 A 50000 B 30000 C 10000,,,,https://culture.seoul.go.kr/cmmn/file/getImage.do?atchFileId=cff95356c24f41a0b0eb62690175f9d3&thumb=Y,2022-02-23,기관,2022-03-31,2022-04-01,
뮤지컬/오페라,[은평문화재단] 신춘음악회 [은평 봄 소식],은평문화예술회관,서울 은평구 녹번로 16 (녹번동)?,"녹번역,역촌역",은평문화예술회관,https://www.efac.or.kr//sub01/sub01.php?type=view&uid=2695,전체 관람가,무료,,,,https://culture.seoul.go.kr/cmmn/file/getImage.do?atchFileId=17c3c2eb19b44d1090dba93c471ad4d1&thumb=Y,2022-02-17,기관,2022-03-19,2022-03-19,기타
문화교양/강좌,예술교육 온라인콘텐츠 <렛츠 플레이 햄릿>,온라인(종로문화재단 유튜브),,,종로 아이들극장,https://www.jfac.or.kr/site/child/childProgram/view?pgIdx=222&pgCatCode=40,전연령,,,,,https://culture.seoul.go.kr/cmmn/file/getImage.do?atchFileId=b4aa7c337ddb4738bad6a0ffdda46f06&thumb=Y,2022-02-11,기관,2021-12-21,2022-12-31,
뮤지컬/오페라,뮤지컬 <데스노트>,충무아트센터 대극장,서울시 중구 퇴계로 387 (홍인동 131),신당역,중구문화재단,https://www.caci.or.kr/caci/performance/view.do?menuNo=200006&pblprfrId=1386,14세 이상 관람가 / 2009년 포함 이전 출생자 관람 가능, VIP 15만원 R 13만원 S 10만원 A 7만원,,,,https://culture.seoul.go.kr/cmmn/file/getImage.do?atchFileId=37ac364687b24b8cafee60c4dbbd699a&thumb=Y,2022-02-11,기관,2022-04-01,2022-06-26,
클래식,코리아쿱오케스트라의 <온 클래식> - 새봄 ,충무아트센터 대극장,서울시 중구 퇴계로 387 (홍인동 131),신당역,중구문화재단,https://www.caci.or.kr/caci/performance/view.do?menuNo=200006&pblprfrId=1425,만 7세 이상,일반 10000원 / 중구민 5000원,,,,https://culture.seoul.go.kr/cmmn/file/getImage.do?atchFileId=43f9ce6848df4dfe924fd6710d161dca&thumb=Y,2022-02-08,기관,2022-03-09,2022-03-09,기타
클래식,뮤지컬<빈센트 반 고흐>,충무아트센터 중극장 블랙,서울시 중구 퇴계로 387 (홍인동 131),신당역,중구문화재단,https://www.caci.or.kr/caci/performance/view.do?menuNo=200006&pblprfrId=1427,12세 이상 관람가 (초등학교 5학년 이상),R석 66000원 S석 44000,,,,https://culture.seoul.go.kr/cmmn/file/getImage.do?atchFileId=b01d5b432126461cacb24b49d07b9001&thumb=Y,2022-02-21,기관,2022-03-27,2022-06-26,
뮤지컬/오페라, 뮤지컬<앨리스 스튜디오>,충무아트센터 중극장 블랙,서울시 중구 퇴계로 387 (홍인동 131),신당역,중구문화재단,https://www.caci.or.kr/caci/performance/view.do?menuNo=200006&pblprfrId=1428,12세 이상 관람가,R석 55000 / S석 44000,,,,https://culture.seoul.go.kr/cmmn/file/getImage.do?atchFileId=1e0a1c8144354f54b2149ac63e3a732d&thumb=Y,2022-02-28,기관,2022-03-11,2022-03-13,
문화교양/강좌,바다 거북이의 눈물 : 미세 플라스틱 편,zoom 온라인수업,서울특별시 성동구 자동차시장3길 64,장한평역,중랑물재생센터,https://yeyak.seoul.go.kr/web/reservation/selectReservView.do?rsv_svc_id=S220111155228442824,초등학생,,,,,https://culture.seoul.go.kr/cmmn/file/getImage.do?atchFileId=1817768c15f943b08806ebc3531ddd69&thumb=Y,2022-02-14,기관,2022-03-02,2022-03-30,어린이/청소년 문화행사
문화교양/강좌,[3월] 아트클래스 - 이경주 작가와 함께하는 현대 민화,중랑아트센터 프로그램실,서울특별시 중랑구 망우로353 이노시티C동,망우역,중랑아트센터,https://www.jnac.or.kr/education/edu_view.html?pid=60&redir=%2Feducation%2Fedu_list.html%3Fstatus%3D%26target%3D%26find%3D%26search%3D%26page%3D1,성인,40000원 (*재료비 10000원 별도),,,선착순,https://culture.seoul.go.kr/cmmn/file/getImage.do?atchFileId=a4f60226c52249b18ab6d2c7c4f9a047&thumb=Y,2022-02-25,기관,2022-03-03,2022-03-24,
전시/미술,청계천 기계공구상가-붕어빵틀에서 인공위성까지,청계천박물관 기획전시실,서울시 성동구 청계천로 530,용두역,청계천박물관,https://museum.seoul.go.kr/cgcm/board/NR_boardView.do?bbsCd=1002&seq=20211210092412256,누구나,,,,,https://culture.seoul.go.kr/cmmn/file/getImage.do?atchFileId=8b7f3fd8e1ec4e12b0f97442db0b3177&thumb=Y,2021-12-27,기관,2021-12-10,2022-04-10,
전시/미술,소망을 새기다,코리아나 화장박물관,서울특별시 강남구 언주로 827,압구정역,코리아나 화장박물관,http://www.spacec.co.kr/museum/museum3,전체이용가,성인 4000원 / 학생 3000원 / 65세 이상 7세 이하 장애인 무료,,,,https://culture.seoul.go.kr/cmmn/file/getImage.do?atchFileId=b030bb7a9cc9473a8f1e3d525ed50a61&thumb=Y,2021-12-02,시민,2021-11-23,2022-04-30,기타
문화교양/강좌,2022년 1학기 온조역사체험교실> 원격수업 참여 학급 모집 안내,실시간 원격수업,서울특별시 송파구 위례성대로 71,"몽촌토성역, 올림픽공원역",한성백제박물관,https://baekjemuseum.seoul.go.kr/board/index.jsp?boardid=SBM0501000000&mmode=content&mpid=SBM0501000000&skin=notice&pid=19907&cpage=1,서울시 소재 초등학교 5~6학년 학급 단체 및 돌봄 교육기관 단체,,,,,https://culture.seoul.go.kr/cmmn/file/getImage.do?atchFileId=5759c80eaaed4166b9c39bdce51b97d2&thumb=Y,2022-02-21,기관,2022-03-22,2022-07-06,
문화교양/강좌,<꿈나무호기심탐험대Ⅰ>“안녕? 박물관으로 놀러와” (온라인),몽촌역사관,서울특별시 송파구 위례성대로 71,"몽촌토성역, 올림픽공원역",한성백제박물관,https://baekjemuseum.seoul.go.kr/dreamvillage/board/notice/index.jsp,유아 단체,,,,,https://culture.seoul.go.kr/cmmn/file/getImage.do?atchFileId=f1e4568f277a4f2597c8e984ff3a8b06&thumb=Y,2022-02-13,기관,2022-03-08,2022-03-17,어린이/청소년 문화행사
문화교양/강좌,<꿈마을놀이체험교실> “누가누가 잘하나 우리놀이” (온라인),몽촌역사관,서울특별시 송파구 위례성대로 71,"몽촌토성역, 올림픽공원역",한성백제박물관,https://baekjemuseum.seoul.go.kr/dreamvillage/board/notice/index.jsp,초등 1~5학년 동반가족,,,,,https://culture.seoul.go.kr/cmmn/file/getImage.do?atchFileId=fa40280c48084981820cb08f0019b0f8&thumb=Y,2022-02-13,기관,2022-03-05,2022-03-20,어린이/청소년 문화행사
문화교양/강좌,<꿈마을울림교실> ,몽촌역사관,서울특별시 송파구 위례성대로 71,"몽촌토성역, 올림픽공원역",한성백제박물관,https://baekjemuseum.seoul.go.kr/dreamvillage/board/notice/index.jsp,초등 3~5학년 동반가족,,,,,https://culture.seoul.go.kr/cmmn/file/getImage.do?atchFileId=b959c23eda9441fbb6167f95d8ac6238&thumb=Y,2022-02-13,기관,2022-03-03,2022-03-24,어린이/청소년 문화행사
문화교양/강좌,<몽촌토성투어프로그램>“출동! 몽촌토성 꾸러기 수비대” (오프라인),몽촌역사관,서울특별시 송파구 위례성대로 71,"몽촌토성역, 올림픽공원역",한성백제박물관,https://baekjemuseum.seoul.go.kr/dreamvillage/board/notice/index.jsp,초등학생 동반가족(앱활용),,,,,https://culture.seoul.go.kr/cmmn/file/getImage.do?atchFileId=0f113df285c34e799af2ce07384e81ee&thumb=Y,2022-02-14,기관,2022-03-05,2022-03-26,어린이/청소년 문화행사
문화교양/강좌,<서울역사탐구교실>“지도로 찾아가는 옛 서울” (온라인),몽촌역사관,서울특별시 송파구 위례성대로 71,"몽촌토성역, 올림픽공원역",한성백제박물관,https://baekjemuseum.seoul.go.kr/dreamvillage/board/notice/index.jsp,초등 3~5학년 동반가족,,,,,https://culture.seoul.go.kr/cmmn/file/getImage.do?atchFileId=16ec177cd0574fa1b4e57f5bc7498946&thumb=Y,2022-02-13,기관,2022-03-29,2022-04-27,어린이/청소년 문화행사
문화교양/강좌,[한성백제박물관] 주말문화유산탐방,한성백제박물관 몽촌토성 또는 풍납동토성,서울특별시 송파구 위례성대로 71,"몽촌토성역, 올림픽공원역",한성백제박물관,https://baekjemuseum.seoul.go.kr/module/index.jsp?mpid=SBM0402000000,초등학생 동반 가족 누구나,,,,,https://culture.seoul.go.kr/cmmn/file/getImage.do?atchFileId=382557542d9241baa6b8b6a8a4fc462f&thumb=Y,2022-02-09,기관,2022-03-19,2022-06-04,어린이/청소년 문화행사
문화교양/강좌,[한성백제박물관] 학교 밖 박물관 교실 원격수업,한성백제박물관 온라인(Zoom),서울특별시 송파구 위례성대로 71,"몽촌토성역, 올림픽공원역",한성백제박물관,https://baekjemuseum.seoul.go.kr/module/index.jsp?mpid=SBM0402000000,초등학교 4~6학년 학급단체 대상,,,,,https://culture.seoul.go.kr/cmmn/file/getImage.do?atchFileId=29f1adb4d9b148ee9a92261ee004dfaa&thumb=Y,2022-02-09,기관,2022-03-31,2022-07-08,어린이/청소년 문화행사
문화교양/강좌,[한성백제박물관] 주말가족교육,온라인(Zoom),서울특별시 송파구 위례성대로 71,"몽촌토성역, 올림픽공원역",한성백제박물관,https://baekjemuseum.seoul.go.kr/module/index.jsp?mpid=SBM0402000000,초등학생 포함 가족 누구나,,,,,https://culture.seoul.go.kr/cmmn/file/getImage.do?atchFileId=b82c9cc5d0424290a86042725c4eaccc&thumb=Y,2022-02-09,기관,2022-03-19,2022-07-16,어린이/청소년 문화행사
기타,[한성백제박물관] 3월 문화가 있는 날 연계행사,한성백제박물관,서울특별시 송파구 위례성대로 71,"몽촌토성역, 올림픽공원역",한성백제박물관,https://baekjemuseum.seoul.go.kr/module/index.jsp?mpid=SBM0403000000,관람객 누구나,,,,,https://culture.seoul.go.kr/cmmn/file/getImage.do?atchFileId=ff893c6aad394f3bae082dd44f7d59b5&thumb=Y,2022-02-09,기관,2022-03-30,2022-03-30,문화가 있는 날
기타,[한성백제박물관] 3월 한성백제박물관 문화시네마,한성백제박물관,서울특별시 송파구 위례성대로 71,"몽촌토성역, 올림픽공원역",한성백제박물관,https://baekjemuseum.seoul.go.kr/module/index.jsp?mpid=SBM0403000000,관람객 누구나,,,,,https://culture.seoul.go.kr/cmmn/file/getImage.do?atchFileId=e074630b4c35482c9ccdfbfd746b4db8&thumb=Y,2022-02-09,기관,2022-03-30,2022-03-30,문화가 있는 날
전시/미술,도성의 서쪽 문 헐값에 팔리다,한양도성박물관 기획전시실,서울특별시 종로구 율곡로283 서울디자인지원센터 1~3층,동대문역,한양도성박물관,https://museum.seoul.go.kr/scwm/NR_index.do,전체,,,,,https://culture.seoul.go.kr/cmmn/file/getImage.do?atchFileId=194d3212068845bd8f438b3e5bf7a88d&thumb=Y,2021-11-18,기관,2021-11-09,2022-03-06,
전시/미술,2021년 한양도성박물관 하반기 기획전 '도성의 서쪽 문 헐값에 팔리다',한양도성박물관 2층 기획전시실,서울특별시 종로구 율곡로283 서울디자인지원센터 1~3층,동대문역,한양도성박물관,https://museum.seoul.go.kr/scwm/NR_index.do,전체,,,,,https://culture.seoul.go.kr/cmmn/file/getImage.do?atchFileId=c6486360e5b24721a76afc04e9bce82b&thumb=Y,2021-11-10,기관,2021-11-09,2022-03-06,기타
전시/미술,EXHIBITION  - Four Stories -,히든플레이스,서대문구 이화여대2가길 24,이대역,히든플레이스,https://www.instagram.com/hiddenplace.kr/,모든시민,무료,오영실민경숙 김하나 최루시아,네명의 작가분들이 각각의 이야기를 전시합니다,갤러리 히든플레이스의 새로운 전시를 소개해 드립니다  EXHIBITION  - Four Stories -  오영실 민경숙 김하나 최루시아   2022. 3. 4 - 3.13  작가분들의 각각의 이야기를 전시합니다  문의 hiddenplace.kr@gmail.com？ 평일 am 11 - pm 7시 주말 am 11 - pm 5시 까지  월요일 휴무  서울시 서대문구 이화여대 2가길 24 2층,https://culture.seoul.go.kr/cmmn/file/getImage.do?atchFileId=6ce5b19de0394395bf445630a73b2304&thumb=Y,2022-02-28,기관,2022-03-04,2022-03-13,기타
전시/미술,[서울문화재단]  전시 / 유물 창작자의 시선,온라인,,,,www.unscene-unseen.net,서울시민 누구나,무료,,아티팩트 즉 유물로서의 우리 고유의 문화재를 통해 물질과 데이터의 관계에 대한 다양한 의미를 찾는 전시,,https://culture.seoul.go.kr/cmmn/file/getImage.do?atchFileId=e794d5e700364901b0d31f7082a1db3c&thumb=Y,2022-02-11,기관,2022-03-07,2022-05-10,기타
기타,한양도성 완주인증서 발급,한양도성 18.6km 걷기,,,,,누구나,,,,,https://culture.seoul.go.kr/cmmn/file/getImage.do?atchFileId=90bbb4cfe37a46deb2f2bf2debefa551&thumb=Y,2021-09-15,기관,2021-09-22,2024-12-31,기타
